solid maytec_profile
  facet normal 0.000000e+00 0.000000e+00 1.000000e+00
    outer loop
      vertex 1.267600e+01 -1.408000e+01 1.000000e+03
      vertex 1.037800e+01 -1.305000e+01 1.000000e+03
      vertex 1.050000e+01 -1.366300e+01 1.000000e+03
    endloop
  endfacet
  facet normal 0.000000e+00 0.000000e+00 -1.000000e+00
    outer loop
      vertex 1.267600e+01 -1.408000e+01 0.000000e+00
      vertex 1.050000e+01 -1.366300e+01 0.000000e+00
      vertex 1.037800e+01 -1.305000e+01 0.000000e+00
    endloop
  endfacet
  facet normal 0.000000e+00 0.000000e+00 1.000000e+00
    outer loop
      vertex -8.500000e+00 -3.929000e+00 1.000000e+03
      vertex -5.579000e+00 2.209000e+00 1.000000e+03
      vertex -8.500000e+00 3.929000e+00 1.000000e+03
    endloop
  endfacet
  facet normal 0.000000e+00 0.000000e+00 -1.000000e+00
    outer loop
      vertex -8.500000e+00 -3.929000e+00 0.000000e+00
      vertex -8.500000e+00 3.929000e+00 0.000000e+00
      vertex -5.579000e+00 2.209000e+00 0.000000e+00
    endloop
  endfacet
  facet normal 0.000000e+00 0.000000e+00 1.000000e+00
    outer loop
      vertex -8.500000e+00 -3.929000e+00 1.000000e+03
      vertex -6.000000e+00 -0.000000e+00 1.000000e+03
      vertex -5.579000e+00 2.209000e+00 1.000000e+03
    endloop
  endfacet
  facet normal 0.000000e+00 0.000000e+00 -1.000000e+00
    outer loop
      vertex -8.500000e+00 -3.929000e+00 0.000000e+00
      vertex -5.579000e+00 2.209000e+00 0.000000e+00
      vertex -6.000000e+00 -0.000000e+00 0.000000e+00
    endloop
  endfacet
  facet normal 0.000000e+00 0.000000e+00 1.000000e+00
    outer loop
      vertex -8.500000e+00 -3.929000e+00 1.000000e+03
      vertex -5.579000e+00 -2.209000e+00 1.000000e+03
      vertex -6.000000e+00 -0.000000e+00 1.000000e+03
    endloop
  endfacet
  facet normal 0.000000e+00 0.000000e+00 -1.000000e+00
    outer loop
      vertex -8.500000e+00 -3.929000e+00 0.000000e+00
      vertex -6.000000e+00 -0.000000e+00 0.000000e+00
      vertex -5.579000e+00 -2.209000e+00 0.000000e+00
    endloop
  endfacet
  facet normal 0.000000e+00 0.000000e+00 1.000000e+00
    outer loop
      vertex 1.700000e+01 1.050000e+01 1.000000e+03
      vertex 1.408000e+01 1.267600e+01 1.000000e+03
      vertex 1.366300e+01 1.050000e+01 1.000000e+03
    endloop
  endfacet
  facet normal 0.000000e+00 0.000000e+00 -1.000000e+00
    outer loop
      vertex 1.700000e+01 1.050000e+01 0.000000e+00
      vertex 1.366300e+01 1.050000e+01 0.000000e+00
      vertex 1.408000e+01 1.267600e+01 0.000000e+00
    endloop
  endfacet
  facet normal 0.000000e+00 0.000000e+00 1.000000e+00
    outer loop
      vertex 1.700000e+01 1.050000e+01 1.000000e+03
      vertex 1.500000e+01 1.250000e+01 1.000000e+03
      vertex 1.408000e+01 1.267600e+01 1.000000e+03
    endloop
  endfacet
  facet normal 0.000000e+00 0.000000e+00 -1.000000e+00
    outer loop
      vertex 1.700000e+01 1.050000e+01 0.000000e+00
      vertex 1.408000e+01 1.267600e+01 0.000000e+00
      vertex 1.500000e+01 1.250000e+01 0.000000e+00
    endloop
  endfacet
  facet normal 0.000000e+00 0.000000e+00 1.000000e+00
    outer loop
      vertex 1.700000e+01 1.050000e+01 1.000000e+03
      vertex 1.592000e+01 1.267600e+01 1.000000e+03
      vertex 1.500000e+01 1.250000e+01 1.000000e+03
    endloop
  endfacet
  facet normal 0.000000e+00 0.000000e+00 -1.000000e+00
    outer loop
      vertex 1.700000e+01 1.050000e+01 0.000000e+00
      vertex 1.500000e+01 1.250000e+01 0.000000e+00
      vertex 1.592000e+01 1.267600e+01 0.000000e+00
    endloop
  endfacet
  facet normal 0.000000e+00 0.000000e+00 1.000000e+00
    outer loop
      vertex 1.050000e+01 -1.700000e+01 1.000000e+03
      vertex 1.267600e+01 -1.408000e+01 1.000000e+03
      vertex 1.050000e+01 -1.366300e+01 1.000000e+03
    endloop
  endfacet
  facet normal 0.000000e+00 0.000000e+00 -1.000000e+00
    outer loop
      vertex 1.050000e+01 -1.700000e+01 0.000000e+00
      vertex 1.050000e+01 -1.366300e+01 0.000000e+00
      vertex 1.267600e+01 -1.408000e+01 0.000000e+00
    endloop
  endfacet
  facet normal 0.000000e+00 0.000000e+00 1.000000e+00
    outer loop
      vertex 1.050000e+01 -1.700000e+01 1.000000e+03
      vertex 1.250000e+01 -1.500000e+01 1.000000e+03
      vertex 1.267600e+01 -1.408000e+01 1.000000e+03
    endloop
  endfacet
  facet normal 0.000000e+00 0.000000e+00 -1.000000e+00
    outer loop
      vertex 1.050000e+01 -1.700000e+01 0.000000e+00
      vertex 1.267600e+01 -1.408000e+01 0.000000e+00
      vertex 1.250000e+01 -1.500000e+01 0.000000e+00
    endloop
  endfacet
  facet normal 0.000000e+00 0.000000e+00 1.000000e+00
    outer loop
      vertex 1.050000e+01 -1.700000e+01 1.000000e+03
      vertex 1.267600e+01 -1.592000e+01 1.000000e+03
      vertex 1.250000e+01 -1.500000e+01 1.000000e+03
    endloop
  endfacet
  facet normal 0.000000e+00 0.000000e+00 -1.000000e+00
    outer loop
      vertex 1.050000e+01 -1.700000e+01 0.000000e+00
      vertex 1.250000e+01 -1.500000e+01 0.000000e+00
      vertex 1.267600e+01 -1.592000e+01 0.000000e+00
    endloop
  endfacet
  facet normal 0.000000e+00 0.000000e+00 1.000000e+00
    outer loop
      vertex -1.050000e+01 1.700000e+01 1.000000e+03
      vertex -1.267600e+01 1.408000e+01 1.000000e+03
      vertex -1.050000e+01 1.366300e+01 1.000000e+03
    endloop
  endfacet
  facet normal 0.000000e+00 -0.000000e+00 -1.000000e+00
    outer loop
      vertex -1.050000e+01 1.700000e+01 0.000000e+00
      vertex -1.050000e+01 1.366300e+01 0.000000e+00
      vertex -1.267600e+01 1.408000e+01 0.000000e+00
    endloop
  endfacet
  facet normal 0.000000e+00 0.000000e+00 1.000000e+00
    outer loop
      vertex -1.050000e+01 1.700000e+01 1.000000e+03
      vertex -1.250000e+01 1.500000e+01 1.000000e+03
      vertex -1.267600e+01 1.408000e+01 1.000000e+03
    endloop
  endfacet
  facet normal 0.000000e+00 0.000000e+00 -1.000000e+00
    outer loop
      vertex -1.050000e+01 1.700000e+01 0.000000e+00
      vertex -1.267600e+01 1.408000e+01 0.000000e+00
      vertex -1.250000e+01 1.500000e+01 0.000000e+00
    endloop
  endfacet
  facet normal 0.000000e+00 0.000000e+00 1.000000e+00
    outer loop
      vertex -1.050000e+01 1.700000e+01 1.000000e+03
      vertex -1.267600e+01 1.592000e+01 1.000000e+03
      vertex -1.250000e+01 1.500000e+01 1.000000e+03
    endloop
  endfacet
  facet normal 0.000000e+00 0.000000e+00 -1.000000e+00
    outer loop
      vertex -1.050000e+01 1.700000e+01 0.000000e+00
      vertex -1.250000e+01 1.500000e+01 0.000000e+00
      vertex -1.267600e+01 1.592000e+01 0.000000e+00
    endloop
  endfacet
  facet normal -0.000000e+00 0.000000e+00 1.000000e+00
    outer loop
      vertex -1.700000e+01 -1.050000e+01 1.000000e+03
      vertex -1.408000e+01 -1.267600e+01 1.000000e+03
      vertex -1.366300e+01 -1.050000e+01 1.000000e+03
    endloop
  endfacet
  facet normal 0.000000e+00 0.000000e+00 -1.000000e+00
    outer loop
      vertex -1.700000e+01 -1.050000e+01 0.000000e+00
      vertex -1.366300e+01 -1.050000e+01 0.000000e+00
      vertex -1.408000e+01 -1.267600e+01 0.000000e+00
    endloop
  endfacet
  facet normal 0.000000e+00 0.000000e+00 1.000000e+00
    outer loop
      vertex -1.700000e+01 -1.050000e+01 1.000000e+03
      vertex -1.500000e+01 -1.250000e+01 1.000000e+03
      vertex -1.408000e+01 -1.267600e+01 1.000000e+03
    endloop
  endfacet
  facet normal 0.000000e+00 0.000000e+00 -1.000000e+00
    outer loop
      vertex -1.700000e+01 -1.050000e+01 0.000000e+00
      vertex -1.408000e+01 -1.267600e+01 0.000000e+00
      vertex -1.500000e+01 -1.250000e+01 0.000000e+00
    endloop
  endfacet
  facet normal 0.000000e+00 0.000000e+00 1.000000e+00
    outer loop
      vertex -1.700000e+01 -1.050000e+01 1.000000e+03
      vertex -1.592000e+01 -1.267600e+01 1.000000e+03
      vertex -1.500000e+01 -1.250000e+01 1.000000e+03
    endloop
  endfacet
  facet normal 0.000000e+00 0.000000e+00 -1.000000e+00
    outer loop
      vertex -1.700000e+01 -1.050000e+01 0.000000e+00
      vertex -1.500000e+01 -1.250000e+01 0.000000e+00
      vertex -1.592000e+01 -1.267600e+01 0.000000e+00
    endloop
  endfacet
  facet normal -0.000000e+00 0.000000e+00 1.000000e+00
    outer loop
      vertex -2.000000e+01 -4.100000e+00 1.000000e+03
      vertex -1.700000e+01 -1.050000e+01 1.000000e+03
      vertex -1.700000e+01 -4.100000e+00 1.000000e+03
    endloop
  endfacet
  facet normal 0.000000e+00 0.000000e+00 -1.000000e+00
    outer loop
      vertex -2.000000e+01 -4.100000e+00 0.000000e+00
      vertex -1.700000e+01 -4.100000e+00 0.000000e+00
      vertex -1.700000e+01 -1.050000e+01 0.000000e+00
    endloop
  endfacet
  facet normal 0.000000e+00 0.000000e+00 1.000000e+00
    outer loop
      vertex -2.000000e+01 -1.700000e+01 1.000000e+03
      vertex -1.700000e+01 -1.050000e+01 1.000000e+03
      vertex -2.000000e+01 -4.100000e+00 1.000000e+03
    endloop
  endfacet
  facet normal 0.000000e+00 0.000000e+00 -1.000000e+00
    outer loop
      vertex -2.000000e+01 -1.700000e+01 0.000000e+00
      vertex -2.000000e+01 -4.100000e+00 0.000000e+00
      vertex -1.700000e+01 -1.050000e+01 0.000000e+00
    endloop
  endfacet
  facet normal -0.000000e+00 0.000000e+00 1.000000e+00
    outer loop
      vertex -1.050000e+01 -1.700000e+01 1.000000e+03
      vertex -4.100000e+00 -2.000000e+01 1.000000e+03
      vertex -4.100000e+00 -1.700000e+01 1.000000e+03
    endloop
  endfacet
  facet normal 0.000000e+00 0.000000e+00 -1.000000e+00
    outer loop
      vertex -1.050000e+01 -1.700000e+01 0.000000e+00
      vertex -4.100000e+00 -1.700000e+01 0.000000e+00
      vertex -4.100000e+00 -2.000000e+01 0.000000e+00
    endloop
  endfacet
  facet normal 0.000000e+00 0.000000e+00 1.000000e+00
    outer loop
      vertex -1.050000e+01 -1.700000e+01 1.000000e+03
      vertex -1.700000e+01 -2.000000e+01 1.000000e+03
      vertex -4.100000e+00 -2.000000e+01 1.000000e+03
    endloop
  endfacet
  facet normal 0.000000e+00 -0.000000e+00 -1.000000e+00
    outer loop
      vertex -1.050000e+01 -1.700000e+01 0.000000e+00
      vertex -4.100000e+00 -2.000000e+01 0.000000e+00
      vertex -1.700000e+01 -2.000000e+01 0.000000e+00
    endloop
  endfacet
  facet normal 0.000000e+00 0.000000e+00 1.000000e+00
    outer loop
      vertex 4.100000e+00 -2.000000e+01 1.000000e+03
      vertex 1.050000e+01 -1.700000e+01 1.000000e+03
      vertex 4.100000e+00 -1.700000e+01 1.000000e+03
    endloop
  endfacet
  facet normal 0.000000e+00 0.000000e+00 -1.000000e+00
    outer loop
      vertex 4.100000e+00 -2.000000e+01 0.000000e+00
      vertex 4.100000e+00 -1.700000e+01 0.000000e+00
      vertex 1.050000e+01 -1.700000e+01 0.000000e+00
    endloop
  endfacet
  facet normal 0.000000e+00 0.000000e+00 1.000000e+00
    outer loop
      vertex 1.700000e+01 -2.000000e+01 1.000000e+03
      vertex 1.050000e+01 -1.700000e+01 1.000000e+03
      vertex 4.100000e+00 -2.000000e+01 1.000000e+03
    endloop
  endfacet
  facet normal 0.000000e+00 0.000000e+00 -1.000000e+00
    outer loop
      vertex 1.700000e+01 -2.000000e+01 0.000000e+00
      vertex 4.100000e+00 -2.000000e+01 0.000000e+00
      vertex 1.050000e+01 -1.700000e+01 0.000000e+00
    endloop
  endfacet
  facet normal 0.000000e+00 0.000000e+00 1.000000e+00
    outer loop
      vertex 1.700000e+01 -1.050000e+01 1.000000e+03
      vertex 2.000000e+01 -4.100000e+00 1.000000e+03
      vertex 1.700000e+01 -4.100000e+00 1.000000e+03
    endloop
  endfacet
  facet normal 0.000000e+00 0.000000e+00 -1.000000e+00
    outer loop
      vertex 1.700000e+01 -1.050000e+01 0.000000e+00
      vertex 1.700000e+01 -4.100000e+00 0.000000e+00
      vertex 2.000000e+01 -4.100000e+00 0.000000e+00
    endloop
  endfacet
  facet normal -0.000000e+00 0.000000e+00 1.000000e+00
    outer loop
      vertex 1.700000e+01 -1.050000e+01 1.000000e+03
      vertex 2.000000e+01 -1.700000e+01 1.000000e+03
      vertex 2.000000e+01 -4.100000e+00 1.000000e+03
    endloop
  endfacet
  facet normal 0.000000e+00 0.000000e+00 -1.000000e+00
    outer loop
      vertex 1.700000e+01 -1.050000e+01 0.000000e+00
      vertex 2.000000e+01 -4.100000e+00 0.000000e+00
      vertex 2.000000e+01 -1.700000e+01 0.000000e+00
    endloop
  endfacet
  facet normal 0.000000e+00 0.000000e+00 1.000000e+00
    outer loop
      vertex 2.000000e+01 4.100000e+00 1.000000e+03
      vertex 1.700000e+01 1.050000e+01 1.000000e+03
      vertex 1.700000e+01 4.100000e+00 1.000000e+03
    endloop
  endfacet
  facet normal 0.000000e+00 0.000000e+00 -1.000000e+00
    outer loop
      vertex 2.000000e+01 4.100000e+00 0.000000e+00
      vertex 1.700000e+01 4.100000e+00 0.000000e+00
      vertex 1.700000e+01 1.050000e+01 0.000000e+00
    endloop
  endfacet
  facet normal 0.000000e+00 0.000000e+00 1.000000e+00
    outer loop
      vertex 2.000000e+01 1.700000e+01 1.000000e+03
      vertex 1.700000e+01 1.050000e+01 1.000000e+03
      vertex 2.000000e+01 4.100000e+00 1.000000e+03
    endloop
  endfacet
  facet normal 0.000000e+00 -0.000000e+00 -1.000000e+00
    outer loop
      vertex 2.000000e+01 1.700000e+01 0.000000e+00
      vertex 2.000000e+01 4.100000e+00 0.000000e+00
      vertex 1.700000e+01 1.050000e+01 0.000000e+00
    endloop
  endfacet
  facet normal 0.000000e+00 0.000000e+00 1.000000e+00
    outer loop
      vertex 1.050000e+01 1.700000e+01 1.000000e+03
      vertex 4.100000e+00 2.000000e+01 1.000000e+03
      vertex 4.100000e+00 1.700000e+01 1.000000e+03
    endloop
  endfacet
  facet normal 0.000000e+00 0.000000e+00 -1.000000e+00
    outer loop
      vertex 1.050000e+01 1.700000e+01 0.000000e+00
      vertex 4.100000e+00 1.700000e+01 0.000000e+00
      vertex 4.100000e+00 2.000000e+01 0.000000e+00
    endloop
  endfacet
  facet normal 0.000000e+00 -0.000000e+00 1.000000e+00
    outer loop
      vertex 1.050000e+01 1.700000e+01 1.000000e+03
      vertex 1.700000e+01 2.000000e+01 1.000000e+03
      vertex 4.100000e+00 2.000000e+01 1.000000e+03
    endloop
  endfacet
  facet normal 0.000000e+00 0.000000e+00 -1.000000e+00
    outer loop
      vertex 1.050000e+01 1.700000e+01 0.000000e+00
      vertex 4.100000e+00 2.000000e+01 0.000000e+00
      vertex 1.700000e+01 2.000000e+01 0.000000e+00
    endloop
  endfacet
  facet normal 0.000000e+00 0.000000e+00 1.000000e+00
    outer loop
      vertex -4.100000e+00 2.000000e+01 1.000000e+03
      vertex -1.050000e+01 1.700000e+01 1.000000e+03
      vertex -4.100000e+00 1.700000e+01 1.000000e+03
    endloop
  endfacet
  facet normal 0.000000e+00 -0.000000e+00 -1.000000e+00
    outer loop
      vertex -4.100000e+00 2.000000e+01 0.000000e+00
      vertex -4.100000e+00 1.700000e+01 0.000000e+00
      vertex -1.050000e+01 1.700000e+01 0.000000e+00
    endloop
  endfacet
  facet normal -0.000000e+00 0.000000e+00 1.000000e+00
    outer loop
      vertex -1.700000e+01 2.000000e+01 1.000000e+03
      vertex -1.050000e+01 1.700000e+01 1.000000e+03
      vertex -4.100000e+00 2.000000e+01 1.000000e+03
    endloop
  endfacet
  facet normal 0.000000e+00 0.000000e+00 -1.000000e+00
    outer loop
      vertex -1.700000e+01 2.000000e+01 0.000000e+00
      vertex -4.100000e+00 2.000000e+01 0.000000e+00
      vertex -1.050000e+01 1.700000e+01 0.000000e+00
    endloop
  endfacet
  facet normal 0.000000e+00 0.000000e+00 1.000000e+00
    outer loop
      vertex -1.700000e+01 1.050000e+01 1.000000e+03
      vertex -2.000000e+01 4.100000e+00 1.000000e+03
      vertex -1.700000e+01 4.100000e+00 1.000000e+03
    endloop
  endfacet
  facet normal 0.000000e+00 -0.000000e+00 -1.000000e+00
    outer loop
      vertex -1.700000e+01 1.050000e+01 0.000000e+00
      vertex -1.700000e+01 4.100000e+00 0.000000e+00
      vertex -2.000000e+01 4.100000e+00 0.000000e+00
    endloop
  endfacet
  facet normal 0.000000e+00 0.000000e+00 1.000000e+00
    outer loop
      vertex -1.700000e+01 1.050000e+01 1.000000e+03
      vertex -2.000000e+01 1.700000e+01 1.000000e+03
      vertex -2.000000e+01 4.100000e+00 1.000000e+03
    endloop
  endfacet
  facet normal -0.000000e+00 0.000000e+00 -1.000000e+00
    outer loop
      vertex -1.700000e+01 1.050000e+01 0.000000e+00
      vertex -2.000000e+01 4.100000e+00 0.000000e+00
      vertex -2.000000e+01 1.700000e+01 0.000000e+00
    endloop
  endfacet
  facet normal 0.000000e+00 0.000000e+00 1.000000e+00
    outer loop
      vertex -4.243000e+00 4.243000e+00 1.000000e+03
      vertex -8.500000e+00 3.929000e+00 1.000000e+03
      vertex -5.579000e+00 2.209000e+00 1.000000e+03
    endloop
  endfacet
  facet normal 0.000000e+00 0.000000e+00 -1.000000e+00
    outer loop
      vertex -4.243000e+00 4.243000e+00 0.000000e+00
      vertex -5.579000e+00 2.209000e+00 0.000000e+00
      vertex -8.500000e+00 3.929000e+00 0.000000e+00
    endloop
  endfacet
  facet normal -0.000000e+00 0.000000e+00 1.000000e+00
    outer loop
      vertex -8.500000e+00 -3.929000e+00 1.000000e+03
      vertex -4.243000e+00 -4.243000e+00 1.000000e+03
      vertex -5.579000e+00 -2.209000e+00 1.000000e+03
    endloop
  endfacet
  facet normal 0.000000e+00 0.000000e+00 -1.000000e+00
    outer loop
      vertex -8.500000e+00 -3.929000e+00 0.000000e+00
      vertex -5.579000e+00 -2.209000e+00 0.000000e+00
      vertex -4.243000e+00 -4.243000e+00 0.000000e+00
    endloop
  endfacet
  facet normal 0.000000e+00 0.000000e+00 1.000000e+00
    outer loop
      vertex -1.050000e+01 1.700000e+01 1.000000e+03
      vertex -1.323200e+01 1.676800e+01 1.000000e+03
      vertex -1.267600e+01 1.592000e+01 1.000000e+03
    endloop
  endfacet
  facet normal 0.000000e+00 0.000000e+00 -1.000000e+00
    outer loop
      vertex -1.050000e+01 1.700000e+01 0.000000e+00
      vertex -1.267600e+01 1.592000e+01 0.000000e+00
      vertex -1.323200e+01 1.676800e+01 0.000000e+00
    endloop
  endfacet
  facet normal 0.000000e+00 0.000000e+00 1.000000e+00
    outer loop
      vertex -1.700000e+01 2.000000e+01 1.000000e+03
      vertex -1.323200e+01 1.676800e+01 1.000000e+03
      vertex -1.050000e+01 1.700000e+01 1.000000e+03
    endloop
  endfacet
  facet normal 0.000000e+00 0.000000e+00 -1.000000e+00
    outer loop
      vertex -1.700000e+01 2.000000e+01 0.000000e+00
      vertex -1.050000e+01 1.700000e+01 0.000000e+00
      vertex -1.323200e+01 1.676800e+01 0.000000e+00
    endloop
  endfacet
  facet normal 0.000000e+00 0.000000e+00 1.000000e+00
    outer loop
      vertex -1.700000e+01 2.000000e+01 1.000000e+03
      vertex -1.408000e+01 1.732400e+01 1.000000e+03
      vertex -1.323200e+01 1.676800e+01 1.000000e+03
    endloop
  endfacet
  facet normal 0.000000e+00 0.000000e+00 -1.000000e+00
    outer loop
      vertex -1.700000e+01 2.000000e+01 0.000000e+00
      vertex -1.323200e+01 1.676800e+01 0.000000e+00
      vertex -1.408000e+01 1.732400e+01 0.000000e+00
    endloop
  endfacet
  facet normal 0.000000e+00 0.000000e+00 1.000000e+00
    outer loop
      vertex -1.700000e+01 2.000000e+01 1.000000e+03
      vertex -1.500000e+01 1.750000e+01 1.000000e+03
      vertex -1.408000e+01 1.732400e+01 1.000000e+03
    endloop
  endfacet
  facet normal 0.000000e+00 0.000000e+00 -1.000000e+00
    outer loop
      vertex -1.700000e+01 2.000000e+01 0.000000e+00
      vertex -1.408000e+01 1.732400e+01 0.000000e+00
      vertex -1.500000e+01 1.750000e+01 0.000000e+00
    endloop
  endfacet
  facet normal 0.000000e+00 0.000000e+00 1.000000e+00
    outer loop
      vertex -1.700000e+01 2.000000e+01 1.000000e+03
      vertex -1.592000e+01 1.732400e+01 1.000000e+03
      vertex -1.500000e+01 1.750000e+01 1.000000e+03
    endloop
  endfacet
  facet normal 0.000000e+00 0.000000e+00 -1.000000e+00
    outer loop
      vertex -1.700000e+01 2.000000e+01 0.000000e+00
      vertex -1.500000e+01 1.750000e+01 0.000000e+00
      vertex -1.592000e+01 1.732400e+01 0.000000e+00
    endloop
  endfacet
  facet normal 0.000000e+00 0.000000e+00 1.000000e+00
    outer loop
      vertex -1.700000e+01 -1.050000e+01 1.000000e+03
      vertex -1.676800e+01 -1.323200e+01 1.000000e+03
      vertex -1.592000e+01 -1.267600e+01 1.000000e+03
    endloop
  endfacet
  facet normal 0.000000e+00 0.000000e+00 -1.000000e+00
    outer loop
      vertex -1.700000e+01 -1.050000e+01 0.000000e+00
      vertex -1.592000e+01 -1.267600e+01 0.000000e+00
      vertex -1.676800e+01 -1.323200e+01 0.000000e+00
    endloop
  endfacet
  facet normal 0.000000e+00 0.000000e+00 1.000000e+00
    outer loop
      vertex -2.000000e+01 -1.700000e+01 1.000000e+03
      vertex -1.676800e+01 -1.323200e+01 1.000000e+03
      vertex -1.700000e+01 -1.050000e+01 1.000000e+03
    endloop
  endfacet
  facet normal 0.000000e+00 0.000000e+00 -1.000000e+00
    outer loop
      vertex -2.000000e+01 -1.700000e+01 0.000000e+00
      vertex -1.700000e+01 -1.050000e+01 0.000000e+00
      vertex -1.676800e+01 -1.323200e+01 0.000000e+00
    endloop
  endfacet
  facet normal 0.000000e+00 0.000000e+00 1.000000e+00
    outer loop
      vertex -2.000000e+01 -1.700000e+01 1.000000e+03
      vertex -1.732400e+01 -1.408000e+01 1.000000e+03
      vertex -1.676800e+01 -1.323200e+01 1.000000e+03
    endloop
  endfacet
  facet normal 0.000000e+00 0.000000e+00 -1.000000e+00
    outer loop
      vertex -2.000000e+01 -1.700000e+01 0.000000e+00
      vertex -1.676800e+01 -1.323200e+01 0.000000e+00
      vertex -1.732400e+01 -1.408000e+01 0.000000e+00
    endloop
  endfacet
  facet normal 0.000000e+00 0.000000e+00 1.000000e+00
    outer loop
      vertex -2.000000e+01 -1.700000e+01 1.000000e+03
      vertex -1.750000e+01 -1.500000e+01 1.000000e+03
      vertex -1.732400e+01 -1.408000e+01 1.000000e+03
    endloop
  endfacet
  facet normal 0.000000e+00 0.000000e+00 -1.000000e+00
    outer loop
      vertex -2.000000e+01 -1.700000e+01 0.000000e+00
      vertex -1.732400e+01 -1.408000e+01 0.000000e+00
      vertex -1.750000e+01 -1.500000e+01 0.000000e+00
    endloop
  endfacet
  facet normal 0.000000e+00 0.000000e+00 1.000000e+00
    outer loop
      vertex -2.000000e+01 -1.700000e+01 1.000000e+03
      vertex -1.732400e+01 -1.592000e+01 1.000000e+03
      vertex -1.750000e+01 -1.500000e+01 1.000000e+03
    endloop
  endfacet
  facet normal 0.000000e+00 0.000000e+00 -1.000000e+00
    outer loop
      vertex -2.000000e+01 -1.700000e+01 0.000000e+00
      vertex -1.750000e+01 -1.500000e+01 0.000000e+00
      vertex -1.732400e+01 -1.592000e+01 0.000000e+00
    endloop
  endfacet
  facet normal 0.000000e+00 0.000000e+00 1.000000e+00
    outer loop
      vertex 1.700000e+01 1.050000e+01 1.000000e+03
      vertex 1.676800e+01 1.323200e+01 1.000000e+03
      vertex 1.592000e+01 1.267600e+01 1.000000e+03
    endloop
  endfacet
  facet normal 0.000000e+00 0.000000e+00 -1.000000e+00
    outer loop
      vertex 1.700000e+01 1.050000e+01 0.000000e+00
      vertex 1.592000e+01 1.267600e+01 0.000000e+00
      vertex 1.676800e+01 1.323200e+01 0.000000e+00
    endloop
  endfacet
  facet normal 0.000000e+00 0.000000e+00 1.000000e+00
    outer loop
      vertex 2.000000e+01 1.700000e+01 1.000000e+03
      vertex 1.676800e+01 1.323200e+01 1.000000e+03
      vertex 1.700000e+01 1.050000e+01 1.000000e+03
    endloop
  endfacet
  facet normal 0.000000e+00 0.000000e+00 -1.000000e+00
    outer loop
      vertex 2.000000e+01 1.700000e+01 0.000000e+00
      vertex 1.700000e+01 1.050000e+01 0.000000e+00
      vertex 1.676800e+01 1.323200e+01 0.000000e+00
    endloop
  endfacet
  facet normal 0.000000e+00 0.000000e+00 1.000000e+00
    outer loop
      vertex 2.000000e+01 1.700000e+01 1.000000e+03
      vertex 1.732400e+01 1.408000e+01 1.000000e+03
      vertex 1.676800e+01 1.323200e+01 1.000000e+03
    endloop
  endfacet
  facet normal 0.000000e+00 0.000000e+00 -1.000000e+00
    outer loop
      vertex 2.000000e+01 1.700000e+01 0.000000e+00
      vertex 1.676800e+01 1.323200e+01 0.000000e+00
      vertex 1.732400e+01 1.408000e+01 0.000000e+00
    endloop
  endfacet
  facet normal 0.000000e+00 0.000000e+00 1.000000e+00
    outer loop
      vertex 2.000000e+01 1.700000e+01 1.000000e+03
      vertex 1.750000e+01 1.500000e+01 1.000000e+03
      vertex 1.732400e+01 1.408000e+01 1.000000e+03
    endloop
  endfacet
  facet normal 0.000000e+00 0.000000e+00 -1.000000e+00
    outer loop
      vertex 2.000000e+01 1.700000e+01 0.000000e+00
      vertex 1.732400e+01 1.408000e+01 0.000000e+00
      vertex 1.750000e+01 1.500000e+01 0.000000e+00
    endloop
  endfacet
  facet normal 0.000000e+00 0.000000e+00 1.000000e+00
    outer loop
      vertex 2.000000e+01 1.700000e+01 1.000000e+03
      vertex 1.732400e+01 1.592000e+01 1.000000e+03
      vertex 1.750000e+01 1.500000e+01 1.000000e+03
    endloop
  endfacet
  facet normal 0.000000e+00 0.000000e+00 -1.000000e+00
    outer loop
      vertex 2.000000e+01 1.700000e+01 0.000000e+00
      vertex 1.750000e+01 1.500000e+01 0.000000e+00
      vertex 1.732400e+01 1.592000e+01 0.000000e+00
    endloop
  endfacet
  facet normal 0.000000e+00 0.000000e+00 1.000000e+00
    outer loop
      vertex 1.050000e+01 -1.700000e+01 1.000000e+03
      vertex 1.323200e+01 -1.676800e+01 1.000000e+03
      vertex 1.267600e+01 -1.592000e+01 1.000000e+03
    endloop
  endfacet
  facet normal 0.000000e+00 0.000000e+00 -1.000000e+00
    outer loop
      vertex 1.050000e+01 -1.700000e+01 0.000000e+00
      vertex 1.267600e+01 -1.592000e+01 0.000000e+00
      vertex 1.323200e+01 -1.676800e+01 0.000000e+00
    endloop
  endfacet
  facet normal 0.000000e+00 0.000000e+00 1.000000e+00
    outer loop
      vertex 1.700000e+01 -2.000000e+01 1.000000e+03
      vertex 1.323200e+01 -1.676800e+01 1.000000e+03
      vertex 1.050000e+01 -1.700000e+01 1.000000e+03
    endloop
  endfacet
  facet normal 0.000000e+00 0.000000e+00 -1.000000e+00
    outer loop
      vertex 1.700000e+01 -2.000000e+01 0.000000e+00
      vertex 1.050000e+01 -1.700000e+01 0.000000e+00
      vertex 1.323200e+01 -1.676800e+01 0.000000e+00
    endloop
  endfacet
  facet normal 0.000000e+00 0.000000e+00 1.000000e+00
    outer loop
      vertex 1.700000e+01 -2.000000e+01 1.000000e+03
      vertex 1.408000e+01 -1.732400e+01 1.000000e+03
      vertex 1.323200e+01 -1.676800e+01 1.000000e+03
    endloop
  endfacet
  facet normal 0.000000e+00 0.000000e+00 -1.000000e+00
    outer loop
      vertex 1.700000e+01 -2.000000e+01 0.000000e+00
      vertex 1.323200e+01 -1.676800e+01 0.000000e+00
      vertex 1.408000e+01 -1.732400e+01 0.000000e+00
    endloop
  endfacet
  facet normal 0.000000e+00 0.000000e+00 1.000000e+00
    outer loop
      vertex 1.700000e+01 -2.000000e+01 1.000000e+03
      vertex 1.500000e+01 -1.750000e+01 1.000000e+03
      vertex 1.408000e+01 -1.732400e+01 1.000000e+03
    endloop
  endfacet
  facet normal 0.000000e+00 0.000000e+00 -1.000000e+00
    outer loop
      vertex 1.700000e+01 -2.000000e+01 0.000000e+00
      vertex 1.408000e+01 -1.732400e+01 0.000000e+00
      vertex 1.500000e+01 -1.750000e+01 0.000000e+00
    endloop
  endfacet
  facet normal 0.000000e+00 0.000000e+00 1.000000e+00
    outer loop
      vertex 1.700000e+01 -2.000000e+01 1.000000e+03
      vertex 1.592000e+01 -1.732400e+01 1.000000e+03
      vertex 1.500000e+01 -1.750000e+01 1.000000e+03
    endloop
  endfacet
  facet normal 0.000000e+00 0.000000e+00 -1.000000e+00
    outer loop
      vertex 1.700000e+01 -2.000000e+01 0.000000e+00
      vertex 1.500000e+01 -1.750000e+01 0.000000e+00
      vertex 1.592000e+01 -1.732400e+01 0.000000e+00
    endloop
  endfacet
  facet normal 0.000000e+00 0.000000e+00 1.000000e+00
    outer loop
      vertex -4.243000e+00 4.243000e+00 1.000000e+03
      vertex -8.881000e+00 5.842000e+00 1.000000e+03
      vertex -8.500000e+00 3.929000e+00 1.000000e+03
    endloop
  endfacet
  facet normal -0.000000e+00 0.000000e+00 -1.000000e+00
    outer loop
      vertex -4.243000e+00 4.243000e+00 0.000000e+00
      vertex -8.500000e+00 3.929000e+00 0.000000e+00
      vertex -8.881000e+00 5.842000e+00 0.000000e+00
    endloop
  endfacet
  facet normal 0.000000e+00 0.000000e+00 1.000000e+00
    outer loop
      vertex -8.881000e+00 -5.842000e+00 1.000000e+03
      vertex -4.243000e+00 -4.243000e+00 1.000000e+03
      vertex -8.500000e+00 -3.929000e+00 1.000000e+03
    endloop
  endfacet
  facet normal 0.000000e+00 0.000000e+00 -1.000000e+00
    outer loop
      vertex -8.881000e+00 -5.842000e+00 0.000000e+00
      vertex -8.500000e+00 -3.929000e+00 0.000000e+00
      vertex -4.243000e+00 -4.243000e+00 0.000000e+00
    endloop
  endfacet
  facet normal 0.000000e+00 0.000000e+00 1.000000e+00
    outer loop
      vertex 1.700000e+01 -2.000000e+01 1.000000e+03
      vertex 1.676800e+01 -1.676800e+01 1.000000e+03
      vertex 1.592000e+01 -1.732400e+01 1.000000e+03
    endloop
  endfacet
  facet normal 0.000000e+00 0.000000e+00 -1.000000e+00
    outer loop
      vertex 1.700000e+01 -2.000000e+01 0.000000e+00
      vertex 1.592000e+01 -1.732400e+01 0.000000e+00
      vertex 1.676800e+01 -1.676800e+01 0.000000e+00
    endloop
  endfacet
  facet normal 0.000000e+00 0.000000e+00 1.000000e+00
    outer loop
      vertex 1.810400e+01 -1.978900e+01 1.000000e+03
      vertex 1.676800e+01 -1.676800e+01 1.000000e+03
      vertex 1.700000e+01 -2.000000e+01 1.000000e+03
    endloop
  endfacet
  facet normal -0.000000e+00 0.000000e+00 -1.000000e+00
    outer loop
      vertex 1.810400e+01 -1.978900e+01 0.000000e+00
      vertex 1.700000e+01 -2.000000e+01 0.000000e+00
      vertex 1.676800e+01 -1.676800e+01 0.000000e+00
    endloop
  endfacet
  facet normal 0.000000e+00 0.000000e+00 1.000000e+00
    outer loop
      vertex 1.912100e+01 -1.912100e+01 1.000000e+03
      vertex 1.676800e+01 -1.676800e+01 1.000000e+03
      vertex 1.810400e+01 -1.978900e+01 1.000000e+03
    endloop
  endfacet
  facet normal -0.000000e+00 0.000000e+00 -1.000000e+00
    outer loop
      vertex 1.912100e+01 -1.912100e+01 0.000000e+00
      vertex 1.810400e+01 -1.978900e+01 0.000000e+00
      vertex 1.676800e+01 -1.676800e+01 0.000000e+00
    endloop
  endfacet
  facet normal 0.000000e+00 0.000000e+00 1.000000e+00
    outer loop
      vertex 1.978900e+01 -1.810400e+01 1.000000e+03
      vertex 1.676800e+01 -1.676800e+01 1.000000e+03
      vertex 1.912100e+01 -1.912100e+01 1.000000e+03
    endloop
  endfacet
  facet normal -0.000000e+00 0.000000e+00 -1.000000e+00
    outer loop
      vertex 1.978900e+01 -1.810400e+01 0.000000e+00
      vertex 1.912100e+01 -1.912100e+01 0.000000e+00
      vertex 1.676800e+01 -1.676800e+01 0.000000e+00
    endloop
  endfacet
  facet normal 0.000000e+00 0.000000e+00 1.000000e+00
    outer loop
      vertex 2.000000e+01 -1.700000e+01 1.000000e+03
      vertex 1.676800e+01 -1.676800e+01 1.000000e+03
      vertex 1.978900e+01 -1.810400e+01 1.000000e+03
    endloop
  endfacet
  facet normal -0.000000e+00 0.000000e+00 -1.000000e+00
    outer loop
      vertex 2.000000e+01 -1.700000e+01 0.000000e+00
      vertex 1.978900e+01 -1.810400e+01 0.000000e+00
      vertex 1.676800e+01 -1.676800e+01 0.000000e+00
    endloop
  endfacet
  facet normal 0.000000e+00 0.000000e+00 1.000000e+00
    outer loop
      vertex 2.000000e+01 -1.700000e+01 1.000000e+03
      vertex 1.732400e+01 -1.592000e+01 1.000000e+03
      vertex 1.676800e+01 -1.676800e+01 1.000000e+03
    endloop
  endfacet
  facet normal 0.000000e+00 0.000000e+00 -1.000000e+00
    outer loop
      vertex 2.000000e+01 -1.700000e+01 0.000000e+00
      vertex 1.676800e+01 -1.676800e+01 0.000000e+00
      vertex 1.732400e+01 -1.592000e+01 0.000000e+00
    endloop
  endfacet
  facet normal 0.000000e+00 0.000000e+00 1.000000e+00
    outer loop
      vertex 2.000000e+01 -1.700000e+01 1.000000e+03
      vertex 1.750000e+01 -1.500000e+01 1.000000e+03
      vertex 1.732400e+01 -1.592000e+01 1.000000e+03
    endloop
  endfacet
  facet normal 0.000000e+00 0.000000e+00 -1.000000e+00
    outer loop
      vertex 2.000000e+01 -1.700000e+01 0.000000e+00
      vertex 1.732400e+01 -1.592000e+01 0.000000e+00
      vertex 1.750000e+01 -1.500000e+01 0.000000e+00
    endloop
  endfacet
  facet normal 0.000000e+00 0.000000e+00 1.000000e+00
    outer loop
      vertex 1.700000e+01 -1.050000e+01 1.000000e+03
      vertex 1.750000e+01 -1.500000e+01 1.000000e+03
      vertex 2.000000e+01 -1.700000e+01 1.000000e+03
    endloop
  endfacet
  facet normal 0.000000e+00 0.000000e+00 -1.000000e+00
    outer loop
      vertex 1.700000e+01 -1.050000e+01 0.000000e+00
      vertex 2.000000e+01 -1.700000e+01 0.000000e+00
      vertex 1.750000e+01 -1.500000e+01 0.000000e+00
    endloop
  endfacet
  facet normal 0.000000e+00 0.000000e+00 1.000000e+00
    outer loop
      vertex 1.700000e+01 -1.050000e+01 1.000000e+03
      vertex 1.732400e+01 -1.408000e+01 1.000000e+03
      vertex 1.750000e+01 -1.500000e+01 1.000000e+03
    endloop
  endfacet
  facet normal 0.000000e+00 0.000000e+00 -1.000000e+00
    outer loop
      vertex 1.700000e+01 -1.050000e+01 0.000000e+00
      vertex 1.750000e+01 -1.500000e+01 0.000000e+00
      vertex 1.732400e+01 -1.408000e+01 0.000000e+00
    endloop
  endfacet
  facet normal 0.000000e+00 0.000000e+00 1.000000e+00
    outer loop
      vertex 1.700000e+01 -1.050000e+01 1.000000e+03
      vertex 1.676800e+01 -1.323200e+01 1.000000e+03
      vertex 1.732400e+01 -1.408000e+01 1.000000e+03
    endloop
  endfacet
  facet normal 0.000000e+00 -0.000000e+00 -1.000000e+00
    outer loop
      vertex 1.700000e+01 -1.050000e+01 0.000000e+00
      vertex 1.732400e+01 -1.408000e+01 0.000000e+00
      vertex 1.676800e+01 -1.323200e+01 0.000000e+00
    endloop
  endfacet
  facet normal 0.000000e+00 0.000000e+00 1.000000e+00
    outer loop
      vertex 1.700000e+01 -1.050000e+01 1.000000e+03
      vertex 1.592000e+01 -1.267600e+01 1.000000e+03
      vertex 1.676800e+01 -1.323200e+01 1.000000e+03
    endloop
  endfacet
  facet normal 0.000000e+00 0.000000e+00 -1.000000e+00
    outer loop
      vertex 1.700000e+01 -1.050000e+01 0.000000e+00
      vertex 1.676800e+01 -1.323200e+01 0.000000e+00
      vertex 1.592000e+01 -1.267600e+01 0.000000e+00
    endloop
  endfacet
  facet normal -0.000000e+00 0.000000e+00 1.000000e+00
    outer loop
      vertex 1.366300e+01 -1.050000e+01 1.000000e+03
      vertex 1.592000e+01 -1.267600e+01 1.000000e+03
      vertex 1.700000e+01 -1.050000e+01 1.000000e+03
    endloop
  endfacet
  facet normal 0.000000e+00 0.000000e+00 -1.000000e+00
    outer loop
      vertex 1.366300e+01 -1.050000e+01 0.000000e+00
      vertex 1.700000e+01 -1.050000e+01 0.000000e+00
      vertex 1.592000e+01 -1.267600e+01 0.000000e+00
    endloop
  endfacet
  facet normal 0.000000e+00 0.000000e+00 1.000000e+00
    outer loop
      vertex 1.366300e+01 -1.050000e+01 1.000000e+03
      vertex 1.500000e+01 -1.250000e+01 1.000000e+03
      vertex 1.592000e+01 -1.267600e+01 1.000000e+03
    endloop
  endfacet
  facet normal 0.000000e+00 0.000000e+00 -1.000000e+00
    outer loop
      vertex 1.366300e+01 -1.050000e+01 0.000000e+00
      vertex 1.592000e+01 -1.267600e+01 0.000000e+00
      vertex 1.500000e+01 -1.250000e+01 0.000000e+00
    endloop
  endfacet
  facet normal 0.000000e+00 0.000000e+00 1.000000e+00
    outer loop
      vertex 1.366300e+01 -1.050000e+01 1.000000e+03
      vertex 1.408000e+01 -1.267600e+01 1.000000e+03
      vertex 1.500000e+01 -1.250000e+01 1.000000e+03
    endloop
  endfacet
  facet normal 0.000000e+00 0.000000e+00 -1.000000e+00
    outer loop
      vertex 1.366300e+01 -1.050000e+01 0.000000e+00
      vertex 1.500000e+01 -1.250000e+01 0.000000e+00
      vertex 1.408000e+01 -1.267600e+01 0.000000e+00
    endloop
  endfacet
  facet normal 0.000000e+00 0.000000e+00 1.000000e+00
    outer loop
      vertex 2.000000e+01 1.700000e+01 1.000000e+03
      vertex 1.676800e+01 1.676800e+01 1.000000e+03
      vertex 1.732400e+01 1.592000e+01 1.000000e+03
    endloop
  endfacet
  facet normal 0.000000e+00 0.000000e+00 -1.000000e+00
    outer loop
      vertex 2.000000e+01 1.700000e+01 0.000000e+00
      vertex 1.732400e+01 1.592000e+01 0.000000e+00
      vertex 1.676800e+01 1.676800e+01 0.000000e+00
    endloop
  endfacet
  facet normal 0.000000e+00 0.000000e+00 1.000000e+00
    outer loop
      vertex 1.978900e+01 1.810400e+01 1.000000e+03
      vertex 1.676800e+01 1.676800e+01 1.000000e+03
      vertex 2.000000e+01 1.700000e+01 1.000000e+03
    endloop
  endfacet
  facet normal 0.000000e+00 -0.000000e+00 -1.000000e+00
    outer loop
      vertex 1.978900e+01 1.810400e+01 0.000000e+00
      vertex 2.000000e+01 1.700000e+01 0.000000e+00
      vertex 1.676800e+01 1.676800e+01 0.000000e+00
    endloop
  endfacet
  facet normal 0.000000e+00 0.000000e+00 1.000000e+00
    outer loop
      vertex 1.912100e+01 1.912100e+01 1.000000e+03
      vertex 1.676800e+01 1.676800e+01 1.000000e+03
      vertex 1.978900e+01 1.810400e+01 1.000000e+03
    endloop
  endfacet
  facet normal 0.000000e+00 -0.000000e+00 -1.000000e+00
    outer loop
      vertex 1.912100e+01 1.912100e+01 0.000000e+00
      vertex 1.978900e+01 1.810400e+01 0.000000e+00
      vertex 1.676800e+01 1.676800e+01 0.000000e+00
    endloop
  endfacet
  facet normal 0.000000e+00 0.000000e+00 1.000000e+00
    outer loop
      vertex 1.810400e+01 1.978900e+01 1.000000e+03
      vertex 1.676800e+01 1.676800e+01 1.000000e+03
      vertex 1.912100e+01 1.912100e+01 1.000000e+03
    endloop
  endfacet
  facet normal 0.000000e+00 -0.000000e+00 -1.000000e+00
    outer loop
      vertex 1.810400e+01 1.978900e+01 0.000000e+00
      vertex 1.912100e+01 1.912100e+01 0.000000e+00
      vertex 1.676800e+01 1.676800e+01 0.000000e+00
    endloop
  endfacet
  facet normal 0.000000e+00 0.000000e+00 1.000000e+00
    outer loop
      vertex 1.700000e+01 2.000000e+01 1.000000e+03
      vertex 1.676800e+01 1.676800e+01 1.000000e+03
      vertex 1.810400e+01 1.978900e+01 1.000000e+03
    endloop
  endfacet
  facet normal 0.000000e+00 -0.000000e+00 -1.000000e+00
    outer loop
      vertex 1.700000e+01 2.000000e+01 0.000000e+00
      vertex 1.810400e+01 1.978900e+01 0.000000e+00
      vertex 1.676800e+01 1.676800e+01 0.000000e+00
    endloop
  endfacet
  facet normal 0.000000e+00 0.000000e+00 1.000000e+00
    outer loop
      vertex 1.700000e+01 2.000000e+01 1.000000e+03
      vertex 1.592000e+01 1.732400e+01 1.000000e+03
      vertex 1.676800e+01 1.676800e+01 1.000000e+03
    endloop
  endfacet
  facet normal 0.000000e+00 0.000000e+00 -1.000000e+00
    outer loop
      vertex 1.700000e+01 2.000000e+01 0.000000e+00
      vertex 1.676800e+01 1.676800e+01 0.000000e+00
      vertex 1.592000e+01 1.732400e+01 0.000000e+00
    endloop
  endfacet
  facet normal 0.000000e+00 0.000000e+00 1.000000e+00
    outer loop
      vertex 1.700000e+01 2.000000e+01 1.000000e+03
      vertex 1.500000e+01 1.750000e+01 1.000000e+03
      vertex 1.592000e+01 1.732400e+01 1.000000e+03
    endloop
  endfacet
  facet normal 0.000000e+00 0.000000e+00 -1.000000e+00
    outer loop
      vertex 1.700000e+01 2.000000e+01 0.000000e+00
      vertex 1.592000e+01 1.732400e+01 0.000000e+00
      vertex 1.500000e+01 1.750000e+01 0.000000e+00
    endloop
  endfacet
  facet normal 0.000000e+00 0.000000e+00 1.000000e+00
    outer loop
      vertex 1.050000e+01 1.700000e+01 1.000000e+03
      vertex 1.500000e+01 1.750000e+01 1.000000e+03
      vertex 1.700000e+01 2.000000e+01 1.000000e+03
    endloop
  endfacet
  facet normal 0.000000e+00 0.000000e+00 -1.000000e+00
    outer loop
      vertex 1.050000e+01 1.700000e+01 0.000000e+00
      vertex 1.700000e+01 2.000000e+01 0.000000e+00
      vertex 1.500000e+01 1.750000e+01 0.000000e+00
    endloop
  endfacet
  facet normal 0.000000e+00 0.000000e+00 1.000000e+00
    outer loop
      vertex 1.050000e+01 1.700000e+01 1.000000e+03
      vertex 1.408000e+01 1.732400e+01 1.000000e+03
      vertex 1.500000e+01 1.750000e+01 1.000000e+03
    endloop
  endfacet
  facet normal 0.000000e+00 0.000000e+00 -1.000000e+00
    outer loop
      vertex 1.050000e+01 1.700000e+01 0.000000e+00
      vertex 1.500000e+01 1.750000e+01 0.000000e+00
      vertex 1.408000e+01 1.732400e+01 0.000000e+00
    endloop
  endfacet
  facet normal -0.000000e+00 0.000000e+00 1.000000e+00
    outer loop
      vertex 1.050000e+01 1.700000e+01 1.000000e+03
      vertex 1.323200e+01 1.676800e+01 1.000000e+03
      vertex 1.408000e+01 1.732400e+01 1.000000e+03
    endloop
  endfacet
  facet normal 0.000000e+00 0.000000e+00 -1.000000e+00
    outer loop
      vertex 1.050000e+01 1.700000e+01 0.000000e+00
      vertex 1.408000e+01 1.732400e+01 0.000000e+00
      vertex 1.323200e+01 1.676800e+01 0.000000e+00
    endloop
  endfacet
  facet normal 0.000000e+00 0.000000e+00 1.000000e+00
    outer loop
      vertex 1.050000e+01 1.700000e+01 1.000000e+03
      vertex 1.267600e+01 1.592000e+01 1.000000e+03
      vertex 1.323200e+01 1.676800e+01 1.000000e+03
    endloop
  endfacet
  facet normal 0.000000e+00 0.000000e+00 -1.000000e+00
    outer loop
      vertex 1.050000e+01 1.700000e+01 0.000000e+00
      vertex 1.323200e+01 1.676800e+01 0.000000e+00
      vertex 1.267600e+01 1.592000e+01 0.000000e+00
    endloop
  endfacet
  facet normal 0.000000e+00 0.000000e+00 1.000000e+00
    outer loop
      vertex 1.050000e+01 1.366300e+01 1.000000e+03
      vertex 1.267600e+01 1.592000e+01 1.000000e+03
      vertex 1.050000e+01 1.700000e+01 1.000000e+03
    endloop
  endfacet
  facet normal 0.000000e+00 0.000000e+00 -1.000000e+00
    outer loop
      vertex 1.050000e+01 1.366300e+01 0.000000e+00
      vertex 1.050000e+01 1.700000e+01 0.000000e+00
      vertex 1.267600e+01 1.592000e+01 0.000000e+00
    endloop
  endfacet
  facet normal 0.000000e+00 0.000000e+00 1.000000e+00
    outer loop
      vertex 1.050000e+01 1.366300e+01 1.000000e+03
      vertex 1.250000e+01 1.500000e+01 1.000000e+03
      vertex 1.267600e+01 1.592000e+01 1.000000e+03
    endloop
  endfacet
  facet normal 0.000000e+00 0.000000e+00 -1.000000e+00
    outer loop
      vertex 1.050000e+01 1.366300e+01 0.000000e+00
      vertex 1.267600e+01 1.592000e+01 0.000000e+00
      vertex 1.250000e+01 1.500000e+01 0.000000e+00
    endloop
  endfacet
  facet normal 0.000000e+00 0.000000e+00 1.000000e+00
    outer loop
      vertex 1.050000e+01 1.366300e+01 1.000000e+03
      vertex 1.267600e+01 1.408000e+01 1.000000e+03
      vertex 1.250000e+01 1.500000e+01 1.000000e+03
    endloop
  endfacet
  facet normal 0.000000e+00 0.000000e+00 -1.000000e+00
    outer loop
      vertex 1.050000e+01 1.366300e+01 0.000000e+00
      vertex 1.250000e+01 1.500000e+01 0.000000e+00
      vertex 1.267600e+01 1.408000e+01 0.000000e+00
    endloop
  endfacet
  facet normal 0.000000e+00 0.000000e+00 1.000000e+00
    outer loop
      vertex -1.700000e+01 2.000000e+01 1.000000e+03
      vertex -1.676800e+01 1.676800e+01 1.000000e+03
      vertex -1.592000e+01 1.732400e+01 1.000000e+03
    endloop
  endfacet
  facet normal 0.000000e+00 0.000000e+00 -1.000000e+00
    outer loop
      vertex -1.700000e+01 2.000000e+01 0.000000e+00
      vertex -1.592000e+01 1.732400e+01 0.000000e+00
      vertex -1.676800e+01 1.676800e+01 0.000000e+00
    endloop
  endfacet
  facet normal -0.000000e+00 0.000000e+00 1.000000e+00
    outer loop
      vertex -1.810400e+01 1.978900e+01 1.000000e+03
      vertex -1.676800e+01 1.676800e+01 1.000000e+03
      vertex -1.700000e+01 2.000000e+01 1.000000e+03
    endloop
  endfacet
  facet normal 0.000000e+00 0.000000e+00 -1.000000e+00
    outer loop
      vertex -1.810400e+01 1.978900e+01 0.000000e+00
      vertex -1.700000e+01 2.000000e+01 0.000000e+00
      vertex -1.676800e+01 1.676800e+01 0.000000e+00
    endloop
  endfacet
  facet normal -0.000000e+00 0.000000e+00 1.000000e+00
    outer loop
      vertex -1.912100e+01 1.912100e+01 1.000000e+03
      vertex -1.676800e+01 1.676800e+01 1.000000e+03
      vertex -1.810400e+01 1.978900e+01 1.000000e+03
    endloop
  endfacet
  facet normal 0.000000e+00 0.000000e+00 -1.000000e+00
    outer loop
      vertex -1.912100e+01 1.912100e+01 0.000000e+00
      vertex -1.810400e+01 1.978900e+01 0.000000e+00
      vertex -1.676800e+01 1.676800e+01 0.000000e+00
    endloop
  endfacet
  facet normal -0.000000e+00 0.000000e+00 1.000000e+00
    outer loop
      vertex -1.978900e+01 1.810400e+01 1.000000e+03
      vertex -1.676800e+01 1.676800e+01 1.000000e+03
      vertex -1.912100e+01 1.912100e+01 1.000000e+03
    endloop
  endfacet
  facet normal 0.000000e+00 0.000000e+00 -1.000000e+00
    outer loop
      vertex -1.978900e+01 1.810400e+01 0.000000e+00
      vertex -1.912100e+01 1.912100e+01 0.000000e+00
      vertex -1.676800e+01 1.676800e+01 0.000000e+00
    endloop
  endfacet
  facet normal -0.000000e+00 0.000000e+00 1.000000e+00
    outer loop
      vertex -2.000000e+01 1.700000e+01 1.000000e+03
      vertex -1.676800e+01 1.676800e+01 1.000000e+03
      vertex -1.978900e+01 1.810400e+01 1.000000e+03
    endloop
  endfacet
  facet normal 0.000000e+00 0.000000e+00 -1.000000e+00
    outer loop
      vertex -2.000000e+01 1.700000e+01 0.000000e+00
      vertex -1.978900e+01 1.810400e+01 0.000000e+00
      vertex -1.676800e+01 1.676800e+01 0.000000e+00
    endloop
  endfacet
  facet normal 0.000000e+00 0.000000e+00 1.000000e+00
    outer loop
      vertex -2.000000e+01 1.700000e+01 1.000000e+03
      vertex -1.732400e+01 1.592000e+01 1.000000e+03
      vertex -1.676800e+01 1.676800e+01 1.000000e+03
    endloop
  endfacet
  facet normal 0.000000e+00 0.000000e+00 -1.000000e+00
    outer loop
      vertex -2.000000e+01 1.700000e+01 0.000000e+00
      vertex -1.676800e+01 1.676800e+01 0.000000e+00
      vertex -1.732400e+01 1.592000e+01 0.000000e+00
    endloop
  endfacet
  facet normal 0.000000e+00 0.000000e+00 1.000000e+00
    outer loop
      vertex -2.000000e+01 1.700000e+01 1.000000e+03
      vertex -1.750000e+01 1.500000e+01 1.000000e+03
      vertex -1.732400e+01 1.592000e+01 1.000000e+03
    endloop
  endfacet
  facet normal 0.000000e+00 0.000000e+00 -1.000000e+00
    outer loop
      vertex -2.000000e+01 1.700000e+01 0.000000e+00
      vertex -1.732400e+01 1.592000e+01 0.000000e+00
      vertex -1.750000e+01 1.500000e+01 0.000000e+00
    endloop
  endfacet
  facet normal 0.000000e+00 0.000000e+00 1.000000e+00
    outer loop
      vertex -1.700000e+01 1.050000e+01 1.000000e+03
      vertex -1.750000e+01 1.500000e+01 1.000000e+03
      vertex -2.000000e+01 1.700000e+01 1.000000e+03
    endloop
  endfacet
  facet normal 0.000000e+00 0.000000e+00 -1.000000e+00
    outer loop
      vertex -1.700000e+01 1.050000e+01 0.000000e+00
      vertex -2.000000e+01 1.700000e+01 0.000000e+00
      vertex -1.750000e+01 1.500000e+01 0.000000e+00
    endloop
  endfacet
  facet normal 0.000000e+00 0.000000e+00 1.000000e+00
    outer loop
      vertex -1.700000e+01 1.050000e+01 1.000000e+03
      vertex -1.732400e+01 1.408000e+01 1.000000e+03
      vertex -1.750000e+01 1.500000e+01 1.000000e+03
    endloop
  endfacet
  facet normal 0.000000e+00 0.000000e+00 -1.000000e+00
    outer loop
      vertex -1.700000e+01 1.050000e+01 0.000000e+00
      vertex -1.750000e+01 1.500000e+01 0.000000e+00
      vertex -1.732400e+01 1.408000e+01 0.000000e+00
    endloop
  endfacet
  facet normal 0.000000e+00 -0.000000e+00 1.000000e+00
    outer loop
      vertex -1.700000e+01 1.050000e+01 1.000000e+03
      vertex -1.676800e+01 1.323200e+01 1.000000e+03
      vertex -1.732400e+01 1.408000e+01 1.000000e+03
    endloop
  endfacet
  facet normal 0.000000e+00 0.000000e+00 -1.000000e+00
    outer loop
      vertex -1.700000e+01 1.050000e+01 0.000000e+00
      vertex -1.732400e+01 1.408000e+01 0.000000e+00
      vertex -1.676800e+01 1.323200e+01 0.000000e+00
    endloop
  endfacet
  facet normal 0.000000e+00 0.000000e+00 1.000000e+00
    outer loop
      vertex -1.700000e+01 1.050000e+01 1.000000e+03
      vertex -1.592000e+01 1.267600e+01 1.000000e+03
      vertex -1.676800e+01 1.323200e+01 1.000000e+03
    endloop
  endfacet
  facet normal 0.000000e+00 0.000000e+00 -1.000000e+00
    outer loop
      vertex -1.700000e+01 1.050000e+01 0.000000e+00
      vertex -1.676800e+01 1.323200e+01 0.000000e+00
      vertex -1.592000e+01 1.267600e+01 0.000000e+00
    endloop
  endfacet
  facet normal 0.000000e+00 0.000000e+00 1.000000e+00
    outer loop
      vertex -1.366300e+01 1.050000e+01 1.000000e+03
      vertex -1.592000e+01 1.267600e+01 1.000000e+03
      vertex -1.700000e+01 1.050000e+01 1.000000e+03
    endloop
  endfacet
  facet normal 0.000000e+00 0.000000e+00 -1.000000e+00
    outer loop
      vertex -1.366300e+01 1.050000e+01 0.000000e+00
      vertex -1.700000e+01 1.050000e+01 0.000000e+00
      vertex -1.592000e+01 1.267600e+01 0.000000e+00
    endloop
  endfacet
  facet normal 0.000000e+00 0.000000e+00 1.000000e+00
    outer loop
      vertex -1.366300e+01 1.050000e+01 1.000000e+03
      vertex -1.500000e+01 1.250000e+01 1.000000e+03
      vertex -1.592000e+01 1.267600e+01 1.000000e+03
    endloop
  endfacet
  facet normal 0.000000e+00 0.000000e+00 -1.000000e+00
    outer loop
      vertex -1.366300e+01 1.050000e+01 0.000000e+00
      vertex -1.592000e+01 1.267600e+01 0.000000e+00
      vertex -1.500000e+01 1.250000e+01 0.000000e+00
    endloop
  endfacet
  facet normal 0.000000e+00 0.000000e+00 1.000000e+00
    outer loop
      vertex -1.366300e+01 1.050000e+01 1.000000e+03
      vertex -1.408000e+01 1.267600e+01 1.000000e+03
      vertex -1.500000e+01 1.250000e+01 1.000000e+03
    endloop
  endfacet
  facet normal 0.000000e+00 0.000000e+00 -1.000000e+00
    outer loop
      vertex -1.366300e+01 1.050000e+01 0.000000e+00
      vertex -1.500000e+01 1.250000e+01 0.000000e+00
      vertex -1.408000e+01 1.267600e+01 0.000000e+00
    endloop
  endfacet
  facet normal 0.000000e+00 0.000000e+00 1.000000e+00
    outer loop
      vertex -2.000000e+01 -1.700000e+01 1.000000e+03
      vertex -1.676800e+01 -1.676800e+01 1.000000e+03
      vertex -1.732400e+01 -1.592000e+01 1.000000e+03
    endloop
  endfacet
  facet normal 0.000000e+00 0.000000e+00 -1.000000e+00
    outer loop
      vertex -2.000000e+01 -1.700000e+01 0.000000e+00
      vertex -1.732400e+01 -1.592000e+01 0.000000e+00
      vertex -1.676800e+01 -1.676800e+01 0.000000e+00
    endloop
  endfacet
  facet normal 0.000000e+00 -0.000000e+00 1.000000e+00
    outer loop
      vertex -1.978900e+01 -1.810400e+01 1.000000e+03
      vertex -1.676800e+01 -1.676800e+01 1.000000e+03
      vertex -2.000000e+01 -1.700000e+01 1.000000e+03
    endloop
  endfacet
  facet normal 0.000000e+00 0.000000e+00 -1.000000e+00
    outer loop
      vertex -1.978900e+01 -1.810400e+01 0.000000e+00
      vertex -2.000000e+01 -1.700000e+01 0.000000e+00
      vertex -1.676800e+01 -1.676800e+01 0.000000e+00
    endloop
  endfacet
  facet normal 0.000000e+00 -0.000000e+00 1.000000e+00
    outer loop
      vertex -1.912100e+01 -1.912100e+01 1.000000e+03
      vertex -1.676800e+01 -1.676800e+01 1.000000e+03
      vertex -1.978900e+01 -1.810400e+01 1.000000e+03
    endloop
  endfacet
  facet normal 0.000000e+00 0.000000e+00 -1.000000e+00
    outer loop
      vertex -1.912100e+01 -1.912100e+01 0.000000e+00
      vertex -1.978900e+01 -1.810400e+01 0.000000e+00
      vertex -1.676800e+01 -1.676800e+01 0.000000e+00
    endloop
  endfacet
  facet normal 0.000000e+00 -0.000000e+00 1.000000e+00
    outer loop
      vertex -1.810400e+01 -1.978900e+01 1.000000e+03
      vertex -1.676800e+01 -1.676800e+01 1.000000e+03
      vertex -1.912100e+01 -1.912100e+01 1.000000e+03
    endloop
  endfacet
  facet normal 0.000000e+00 0.000000e+00 -1.000000e+00
    outer loop
      vertex -1.810400e+01 -1.978900e+01 0.000000e+00
      vertex -1.912100e+01 -1.912100e+01 0.000000e+00
      vertex -1.676800e+01 -1.676800e+01 0.000000e+00
    endloop
  endfacet
  facet normal 0.000000e+00 -0.000000e+00 1.000000e+00
    outer loop
      vertex -1.700000e+01 -2.000000e+01 1.000000e+03
      vertex -1.676800e+01 -1.676800e+01 1.000000e+03
      vertex -1.810400e+01 -1.978900e+01 1.000000e+03
    endloop
  endfacet
  facet normal 0.000000e+00 0.000000e+00 -1.000000e+00
    outer loop
      vertex -1.700000e+01 -2.000000e+01 0.000000e+00
      vertex -1.810400e+01 -1.978900e+01 0.000000e+00
      vertex -1.676800e+01 -1.676800e+01 0.000000e+00
    endloop
  endfacet
  facet normal 0.000000e+00 0.000000e+00 1.000000e+00
    outer loop
      vertex -1.700000e+01 -2.000000e+01 1.000000e+03
      vertex -1.592000e+01 -1.732400e+01 1.000000e+03
      vertex -1.676800e+01 -1.676800e+01 1.000000e+03
    endloop
  endfacet
  facet normal 0.000000e+00 0.000000e+00 -1.000000e+00
    outer loop
      vertex -1.700000e+01 -2.000000e+01 0.000000e+00
      vertex -1.676800e+01 -1.676800e+01 0.000000e+00
      vertex -1.592000e+01 -1.732400e+01 0.000000e+00
    endloop
  endfacet
  facet normal 0.000000e+00 0.000000e+00 1.000000e+00
    outer loop
      vertex -1.700000e+01 -2.000000e+01 1.000000e+03
      vertex -1.500000e+01 -1.750000e+01 1.000000e+03
      vertex -1.592000e+01 -1.732400e+01 1.000000e+03
    endloop
  endfacet
  facet normal 0.000000e+00 0.000000e+00 -1.000000e+00
    outer loop
      vertex -1.700000e+01 -2.000000e+01 0.000000e+00
      vertex -1.592000e+01 -1.732400e+01 0.000000e+00
      vertex -1.500000e+01 -1.750000e+01 0.000000e+00
    endloop
  endfacet
  facet normal 0.000000e+00 0.000000e+00 1.000000e+00
    outer loop
      vertex -1.050000e+01 -1.700000e+01 1.000000e+03
      vertex -1.500000e+01 -1.750000e+01 1.000000e+03
      vertex -1.700000e+01 -2.000000e+01 1.000000e+03
    endloop
  endfacet
  facet normal 0.000000e+00 0.000000e+00 -1.000000e+00
    outer loop
      vertex -1.050000e+01 -1.700000e+01 0.000000e+00
      vertex -1.700000e+01 -2.000000e+01 0.000000e+00
      vertex -1.500000e+01 -1.750000e+01 0.000000e+00
    endloop
  endfacet
  facet normal 0.000000e+00 0.000000e+00 1.000000e+00
    outer loop
      vertex -1.050000e+01 -1.700000e+01 1.000000e+03
      vertex -1.408000e+01 -1.732400e+01 1.000000e+03
      vertex -1.500000e+01 -1.750000e+01 1.000000e+03
    endloop
  endfacet
  facet normal 0.000000e+00 0.000000e+00 -1.000000e+00
    outer loop
      vertex -1.050000e+01 -1.700000e+01 0.000000e+00
      vertex -1.500000e+01 -1.750000e+01 0.000000e+00
      vertex -1.408000e+01 -1.732400e+01 0.000000e+00
    endloop
  endfacet
  facet normal 0.000000e+00 0.000000e+00 1.000000e+00
    outer loop
      vertex -1.050000e+01 -1.700000e+01 1.000000e+03
      vertex -1.323200e+01 -1.676800e+01 1.000000e+03
      vertex -1.408000e+01 -1.732400e+01 1.000000e+03
    endloop
  endfacet
  facet normal -0.000000e+00 0.000000e+00 -1.000000e+00
    outer loop
      vertex -1.050000e+01 -1.700000e+01 0.000000e+00
      vertex -1.408000e+01 -1.732400e+01 0.000000e+00
      vertex -1.323200e+01 -1.676800e+01 0.000000e+00
    endloop
  endfacet
  facet normal 0.000000e+00 0.000000e+00 1.000000e+00
    outer loop
      vertex -1.050000e+01 -1.700000e+01 1.000000e+03
      vertex -1.267600e+01 -1.592000e+01 1.000000e+03
      vertex -1.323200e+01 -1.676800e+01 1.000000e+03
    endloop
  endfacet
  facet normal 0.000000e+00 0.000000e+00 -1.000000e+00
    outer loop
      vertex -1.050000e+01 -1.700000e+01 0.000000e+00
      vertex -1.323200e+01 -1.676800e+01 0.000000e+00
      vertex -1.267600e+01 -1.592000e+01 0.000000e+00
    endloop
  endfacet
  facet normal 0.000000e+00 0.000000e+00 1.000000e+00
    outer loop
      vertex -1.050000e+01 -1.366300e+01 1.000000e+03
      vertex -1.267600e+01 -1.592000e+01 1.000000e+03
      vertex -1.050000e+01 -1.700000e+01 1.000000e+03
    endloop
  endfacet
  facet normal 0.000000e+00 -0.000000e+00 -1.000000e+00
    outer loop
      vertex -1.050000e+01 -1.366300e+01 0.000000e+00
      vertex -1.050000e+01 -1.700000e+01 0.000000e+00
      vertex -1.267600e+01 -1.592000e+01 0.000000e+00
    endloop
  endfacet
  facet normal 0.000000e+00 0.000000e+00 1.000000e+00
    outer loop
      vertex -1.050000e+01 -1.366300e+01 1.000000e+03
      vertex -1.250000e+01 -1.500000e+01 1.000000e+03
      vertex -1.267600e+01 -1.592000e+01 1.000000e+03
    endloop
  endfacet
  facet normal 0.000000e+00 0.000000e+00 -1.000000e+00
    outer loop
      vertex -1.050000e+01 -1.366300e+01 0.000000e+00
      vertex -1.267600e+01 -1.592000e+01 0.000000e+00
      vertex -1.250000e+01 -1.500000e+01 0.000000e+00
    endloop
  endfacet
  facet normal 0.000000e+00 0.000000e+00 1.000000e+00
    outer loop
      vertex -1.050000e+01 -1.366300e+01 1.000000e+03
      vertex -1.267600e+01 -1.408000e+01 1.000000e+03
      vertex -1.250000e+01 -1.500000e+01 1.000000e+03
    endloop
  endfacet
  facet normal 0.000000e+00 0.000000e+00 -1.000000e+00
    outer loop
      vertex -1.050000e+01 -1.366300e+01 0.000000e+00
      vertex -1.250000e+01 -1.500000e+01 0.000000e+00
      vertex -1.267600e+01 -1.408000e+01 0.000000e+00
    endloop
  endfacet
  facet normal 0.000000e+00 0.000000e+00 1.000000e+00
    outer loop
      vertex -1.305000e+01 1.037800e+01 1.000000e+03
      vertex -1.408000e+01 1.267600e+01 1.000000e+03
      vertex -1.366300e+01 1.050000e+01 1.000000e+03
    endloop
  endfacet
  facet normal 0.000000e+00 0.000000e+00 -1.000000e+00
    outer loop
      vertex -1.305000e+01 1.037800e+01 0.000000e+00
      vertex -1.366300e+01 1.050000e+01 0.000000e+00
      vertex -1.408000e+01 1.267600e+01 0.000000e+00
    endloop
  endfacet
  facet normal 0.000000e+00 0.000000e+00 1.000000e+00
    outer loop
      vertex -1.305000e+01 1.037800e+01 1.000000e+03
      vertex -1.323200e+01 1.323200e+01 1.000000e+03
      vertex -1.408000e+01 1.267600e+01 1.000000e+03
    endloop
  endfacet
  facet normal 0.000000e+00 0.000000e+00 -1.000000e+00
    outer loop
      vertex -1.305000e+01 1.037800e+01 0.000000e+00
      vertex -1.408000e+01 1.267600e+01 0.000000e+00
      vertex -1.323200e+01 1.323200e+01 0.000000e+00
    endloop
  endfacet
  facet normal 0.000000e+00 0.000000e+00 1.000000e+00
    outer loop
      vertex -1.037800e+01 -1.305000e+01 1.000000e+03
      vertex -1.267600e+01 -1.408000e+01 1.000000e+03
      vertex -1.050000e+01 -1.366300e+01 1.000000e+03
    endloop
  endfacet
  facet normal 0.000000e+00 0.000000e+00 -1.000000e+00
    outer loop
      vertex -1.037800e+01 -1.305000e+01 0.000000e+00
      vertex -1.050000e+01 -1.366300e+01 0.000000e+00
      vertex -1.267600e+01 -1.408000e+01 0.000000e+00
    endloop
  endfacet
  facet normal 0.000000e+00 0.000000e+00 1.000000e+00
    outer loop
      vertex -1.037800e+01 -1.305000e+01 1.000000e+03
      vertex -1.323200e+01 -1.323200e+01 1.000000e+03
      vertex -1.267600e+01 -1.408000e+01 1.000000e+03
    endloop
  endfacet
  facet normal 0.000000e+00 0.000000e+00 -1.000000e+00
    outer loop
      vertex -1.037800e+01 -1.305000e+01 0.000000e+00
      vertex -1.267600e+01 -1.408000e+01 0.000000e+00
      vertex -1.323200e+01 -1.323200e+01 0.000000e+00
    endloop
  endfacet
  facet normal 0.000000e+00 0.000000e+00 1.000000e+00
    outer loop
      vertex 1.305000e+01 -1.037800e+01 1.000000e+03
      vertex 1.408000e+01 -1.267600e+01 1.000000e+03
      vertex 1.366300e+01 -1.050000e+01 1.000000e+03
    endloop
  endfacet
  facet normal 0.000000e+00 0.000000e+00 -1.000000e+00
    outer loop
      vertex 1.305000e+01 -1.037800e+01 0.000000e+00
      vertex 1.366300e+01 -1.050000e+01 0.000000e+00
      vertex 1.408000e+01 -1.267600e+01 0.000000e+00
    endloop
  endfacet
  facet normal 0.000000e+00 0.000000e+00 1.000000e+00
    outer loop
      vertex 1.305000e+01 -1.037800e+01 1.000000e+03
      vertex 1.323200e+01 -1.323200e+01 1.000000e+03
      vertex 1.408000e+01 -1.267600e+01 1.000000e+03
    endloop
  endfacet
  facet normal 0.000000e+00 0.000000e+00 -1.000000e+00
    outer loop
      vertex 1.305000e+01 -1.037800e+01 0.000000e+00
      vertex 1.408000e+01 -1.267600e+01 0.000000e+00
      vertex 1.323200e+01 -1.323200e+01 0.000000e+00
    endloop
  endfacet
  facet normal 0.000000e+00 0.000000e+00 1.000000e+00
    outer loop
      vertex 1.037800e+01 1.305000e+01 1.000000e+03
      vertex 1.267600e+01 1.408000e+01 1.000000e+03
      vertex 1.050000e+01 1.366300e+01 1.000000e+03
    endloop
  endfacet
  facet normal 0.000000e+00 0.000000e+00 -1.000000e+00
    outer loop
      vertex 1.037800e+01 1.305000e+01 0.000000e+00
      vertex 1.050000e+01 1.366300e+01 0.000000e+00
      vertex 1.267600e+01 1.408000e+01 0.000000e+00
    endloop
  endfacet
  facet normal 0.000000e+00 0.000000e+00 1.000000e+00
    outer loop
      vertex 1.037800e+01 1.305000e+01 1.000000e+03
      vertex 1.323200e+01 1.323200e+01 1.000000e+03
      vertex 1.267600e+01 1.408000e+01 1.000000e+03
    endloop
  endfacet
  facet normal 0.000000e+00 0.000000e+00 -1.000000e+00
    outer loop
      vertex 1.037800e+01 1.305000e+01 0.000000e+00
      vertex 1.267600e+01 1.408000e+01 0.000000e+00
      vertex 1.323200e+01 1.323200e+01 0.000000e+00
    endloop
  endfacet
  facet normal 0.000000e+00 0.000000e+00 1.000000e+00
    outer loop
      vertex -1.408000e+01 -1.267600e+01 1.000000e+03
      vertex -1.305000e+01 -1.037800e+01 1.000000e+03
      vertex -1.366300e+01 -1.050000e+01 1.000000e+03
    endloop
  endfacet
  facet normal 0.000000e+00 0.000000e+00 -1.000000e+00
    outer loop
      vertex -1.408000e+01 -1.267600e+01 0.000000e+00
      vertex -1.366300e+01 -1.050000e+01 0.000000e+00
      vertex -1.305000e+01 -1.037800e+01 0.000000e+00
    endloop
  endfacet
  facet normal 0.000000e+00 -0.000000e+00 1.000000e+00
    outer loop
      vertex -1.323200e+01 -1.323200e+01 1.000000e+03
      vertex -1.305000e+01 -1.037800e+01 1.000000e+03
      vertex -1.408000e+01 -1.267600e+01 1.000000e+03
    endloop
  endfacet
  facet normal 0.000000e+00 0.000000e+00 -1.000000e+00
    outer loop
      vertex -1.323200e+01 -1.323200e+01 0.000000e+00
      vertex -1.408000e+01 -1.267600e+01 0.000000e+00
      vertex -1.305000e+01 -1.037800e+01 0.000000e+00
    endloop
  endfacet
  facet normal 0.000000e+00 0.000000e+00 1.000000e+00
    outer loop
      vertex -1.037800e+01 -1.305000e+01 1.000000e+03
      vertex -1.305000e+01 -1.037800e+01 1.000000e+03
      vertex -1.323200e+01 -1.323200e+01 1.000000e+03
    endloop
  endfacet
  facet normal -0.000000e+00 0.000000e+00 -1.000000e+00
    outer loop
      vertex -1.037800e+01 -1.305000e+01 0.000000e+00
      vertex -1.323200e+01 -1.323200e+01 0.000000e+00
      vertex -1.305000e+01 -1.037800e+01 0.000000e+00
    endloop
  endfacet
  facet normal 0.000000e+00 0.000000e+00 1.000000e+00
    outer loop
      vertex -1.003100e+01 -1.253100e+01 1.000000e+03
      vertex -1.305000e+01 -1.037800e+01 1.000000e+03
      vertex -1.037800e+01 -1.305000e+01 1.000000e+03
    endloop
  endfacet
  facet normal -0.000000e+00 0.000000e+00 -1.000000e+00
    outer loop
      vertex -1.003100e+01 -1.253100e+01 0.000000e+00
      vertex -1.037800e+01 -1.305000e+01 0.000000e+00
      vertex -1.305000e+01 -1.037800e+01 0.000000e+00
    endloop
  endfacet
  facet normal 0.000000e+00 0.000000e+00 1.000000e+00
    outer loop
      vertex -1.003100e+01 -1.253100e+01 1.000000e+03
      vertex -1.253100e+01 -1.003100e+01 1.000000e+03
      vertex -1.305000e+01 -1.037800e+01 1.000000e+03
    endloop
  endfacet
  facet normal 0.000000e+00 0.000000e+00 -1.000000e+00
    outer loop
      vertex -1.003100e+01 -1.253100e+01 0.000000e+00
      vertex -1.305000e+01 -1.037800e+01 0.000000e+00
      vertex -1.253100e+01 -1.003100e+01 0.000000e+00
    endloop
  endfacet
  facet normal 0.000000e+00 -0.000000e+00 1.000000e+00
    outer loop
      vertex -1.003100e+01 -1.253100e+01 1.000000e+03
      vertex -9.964000e+00 -7.464000e+00 1.000000e+03
      vertex -1.253100e+01 -1.003100e+01 1.000000e+03
    endloop
  endfacet
  facet normal 0.000000e+00 0.000000e+00 -1.000000e+00
    outer loop
      vertex -1.003100e+01 -1.253100e+01 0.000000e+00
      vertex -1.253100e+01 -1.003100e+01 0.000000e+00
      vertex -9.964000e+00 -7.464000e+00 0.000000e+00
    endloop
  endfacet
  facet normal 0.000000e+00 0.000000e+00 1.000000e+00
    outer loop
      vertex -7.464000e+00 -9.964000e+00 1.000000e+03
      vertex -9.964000e+00 -7.464000e+00 1.000000e+03
      vertex -1.003100e+01 -1.253100e+01 1.000000e+03
    endloop
  endfacet
  facet normal -0.000000e+00 0.000000e+00 -1.000000e+00
    outer loop
      vertex -7.464000e+00 -9.964000e+00 0.000000e+00
      vertex -1.003100e+01 -1.253100e+01 0.000000e+00
      vertex -9.964000e+00 -7.464000e+00 0.000000e+00
    endloop
  endfacet
  facet normal 0.000000e+00 0.000000e+00 1.000000e+00
    outer loop
      vertex -7.464000e+00 -9.964000e+00 1.000000e+03
      vertex -8.881000e+00 -5.842000e+00 1.000000e+03
      vertex -9.964000e+00 -7.464000e+00 1.000000e+03
    endloop
  endfacet
  facet normal 0.000000e+00 0.000000e+00 -1.000000e+00
    outer loop
      vertex -7.464000e+00 -9.964000e+00 0.000000e+00
      vertex -9.964000e+00 -7.464000e+00 0.000000e+00
      vertex -8.881000e+00 -5.842000e+00 0.000000e+00
    endloop
  endfacet
  facet normal 0.000000e+00 0.000000e+00 1.000000e+00
    outer loop
      vertex -5.842000e+00 -8.881000e+00 1.000000e+03
      vertex -8.881000e+00 -5.842000e+00 1.000000e+03
      vertex -7.464000e+00 -9.964000e+00 1.000000e+03
    endloop
  endfacet
  facet normal -0.000000e+00 0.000000e+00 -1.000000e+00
    outer loop
      vertex -5.842000e+00 -8.881000e+00 0.000000e+00
      vertex -7.464000e+00 -9.964000e+00 0.000000e+00
      vertex -8.881000e+00 -5.842000e+00 0.000000e+00
    endloop
  endfacet
  facet normal 0.000000e+00 -0.000000e+00 1.000000e+00
    outer loop
      vertex -5.842000e+00 -8.881000e+00 1.000000e+03
      vertex -4.243000e+00 -4.243000e+00 1.000000e+03
      vertex -8.881000e+00 -5.842000e+00 1.000000e+03
    endloop
  endfacet
  facet normal 0.000000e+00 0.000000e+00 -1.000000e+00
    outer loop
      vertex -5.842000e+00 -8.881000e+00 0.000000e+00
      vertex -8.881000e+00 -5.842000e+00 0.000000e+00
      vertex -4.243000e+00 -4.243000e+00 0.000000e+00
    endloop
  endfacet
  facet normal 0.000000e+00 0.000000e+00 1.000000e+00
    outer loop
      vertex -3.929000e+00 -8.500000e+00 1.000000e+03
      vertex -4.243000e+00 -4.243000e+00 1.000000e+03
      vertex -5.842000e+00 -8.881000e+00 1.000000e+03
    endloop
  endfacet
  facet normal -0.000000e+00 0.000000e+00 -1.000000e+00
    outer loop
      vertex -3.929000e+00 -8.500000e+00 0.000000e+00
      vertex -5.842000e+00 -8.881000e+00 0.000000e+00
      vertex -4.243000e+00 -4.243000e+00 0.000000e+00
    endloop
  endfacet
  facet normal 0.000000e+00 -0.000000e+00 1.000000e+00
    outer loop
      vertex -3.929000e+00 -8.500000e+00 1.000000e+03
      vertex -2.209000e+00 -5.579000e+00 1.000000e+03
      vertex -4.243000e+00 -4.243000e+00 1.000000e+03
    endloop
  endfacet
  facet normal 0.000000e+00 0.000000e+00 -1.000000e+00
    outer loop
      vertex -3.929000e+00 -8.500000e+00 0.000000e+00
      vertex -4.243000e+00 -4.243000e+00 0.000000e+00
      vertex -2.209000e+00 -5.579000e+00 0.000000e+00
    endloop
  endfacet
  facet normal 0.000000e+00 0.000000e+00 1.000000e+00
    outer loop
      vertex 3.929000e+00 -8.500000e+00 1.000000e+03
      vertex -2.209000e+00 -5.579000e+00 1.000000e+03
      vertex -3.929000e+00 -8.500000e+00 1.000000e+03
    endloop
  endfacet
  facet normal 0.000000e+00 0.000000e+00 -1.000000e+00
    outer loop
      vertex 3.929000e+00 -8.500000e+00 0.000000e+00
      vertex -3.929000e+00 -8.500000e+00 0.000000e+00
      vertex -2.209000e+00 -5.579000e+00 0.000000e+00
    endloop
  endfacet
  facet normal 0.000000e+00 0.000000e+00 1.000000e+00
    outer loop
      vertex 3.929000e+00 -8.500000e+00 1.000000e+03
      vertex 0.000000e+00 -6.000000e+00 1.000000e+03
      vertex -2.209000e+00 -5.579000e+00 1.000000e+03
    endloop
  endfacet
  facet normal 0.000000e+00 0.000000e+00 -1.000000e+00
    outer loop
      vertex 3.929000e+00 -8.500000e+00 0.000000e+00
      vertex -2.209000e+00 -5.579000e+00 0.000000e+00
      vertex 0.000000e+00 -6.000000e+00 0.000000e+00
    endloop
  endfacet
  facet normal 0.000000e+00 0.000000e+00 1.000000e+00
    outer loop
      vertex 3.929000e+00 -8.500000e+00 1.000000e+03
      vertex 2.209000e+00 -5.579000e+00 1.000000e+03
      vertex 0.000000e+00 -6.000000e+00 1.000000e+03
    endloop
  endfacet
  facet normal 0.000000e+00 0.000000e+00 -1.000000e+00
    outer loop
      vertex 3.929000e+00 -8.500000e+00 0.000000e+00
      vertex 0.000000e+00 -6.000000e+00 0.000000e+00
      vertex 2.209000e+00 -5.579000e+00 0.000000e+00
    endloop
  endfacet
  facet normal 0.000000e+00 -0.000000e+00 1.000000e+00
    outer loop
      vertex 3.929000e+00 -8.500000e+00 1.000000e+03
      vertex 4.243000e+00 -4.243000e+00 1.000000e+03
      vertex 2.209000e+00 -5.579000e+00 1.000000e+03
    endloop
  endfacet
  facet normal 0.000000e+00 0.000000e+00 -1.000000e+00
    outer loop
      vertex 3.929000e+00 -8.500000e+00 0.000000e+00
      vertex 2.209000e+00 -5.579000e+00 0.000000e+00
      vertex 4.243000e+00 -4.243000e+00 0.000000e+00
    endloop
  endfacet
  facet normal 0.000000e+00 0.000000e+00 1.000000e+00
    outer loop
      vertex 5.842000e+00 -8.881000e+00 1.000000e+03
      vertex 4.243000e+00 -4.243000e+00 1.000000e+03
      vertex 3.929000e+00 -8.500000e+00 1.000000e+03
    endloop
  endfacet
  facet normal 0.000000e+00 0.000000e+00 -1.000000e+00
    outer loop
      vertex 5.842000e+00 -8.881000e+00 0.000000e+00
      vertex 3.929000e+00 -8.500000e+00 0.000000e+00
      vertex 4.243000e+00 -4.243000e+00 0.000000e+00
    endloop
  endfacet
  facet normal 0.000000e+00 0.000000e+00 1.000000e+00
    outer loop
      vertex 1.408000e+01 1.267600e+01 1.000000e+03
      vertex 1.305000e+01 1.037800e+01 1.000000e+03
      vertex 1.366300e+01 1.050000e+01 1.000000e+03
    endloop
  endfacet
  facet normal 0.000000e+00 0.000000e+00 -1.000000e+00
    outer loop
      vertex 1.408000e+01 1.267600e+01 0.000000e+00
      vertex 1.366300e+01 1.050000e+01 0.000000e+00
      vertex 1.305000e+01 1.037800e+01 0.000000e+00
    endloop
  endfacet
  facet normal 0.000000e+00 0.000000e+00 1.000000e+00
    outer loop
      vertex 1.323200e+01 1.323200e+01 1.000000e+03
      vertex 1.305000e+01 1.037800e+01 1.000000e+03
      vertex 1.408000e+01 1.267600e+01 1.000000e+03
    endloop
  endfacet
  facet normal 0.000000e+00 -0.000000e+00 -1.000000e+00
    outer loop
      vertex 1.323200e+01 1.323200e+01 0.000000e+00
      vertex 1.408000e+01 1.267600e+01 0.000000e+00
      vertex 1.305000e+01 1.037800e+01 0.000000e+00
    endloop
  endfacet
  facet normal -0.000000e+00 0.000000e+00 1.000000e+00
    outer loop
      vertex 1.037800e+01 1.305000e+01 1.000000e+03
      vertex 1.305000e+01 1.037800e+01 1.000000e+03
      vertex 1.323200e+01 1.323200e+01 1.000000e+03
    endloop
  endfacet
  facet normal 0.000000e+00 0.000000e+00 -1.000000e+00
    outer loop
      vertex 1.037800e+01 1.305000e+01 0.000000e+00
      vertex 1.323200e+01 1.323200e+01 0.000000e+00
      vertex 1.305000e+01 1.037800e+01 0.000000e+00
    endloop
  endfacet
  facet normal -0.000000e+00 0.000000e+00 1.000000e+00
    outer loop
      vertex 1.003100e+01 1.253100e+01 1.000000e+03
      vertex 1.305000e+01 1.037800e+01 1.000000e+03
      vertex 1.037800e+01 1.305000e+01 1.000000e+03
    endloop
  endfacet
  facet normal 0.000000e+00 0.000000e+00 -1.000000e+00
    outer loop
      vertex 1.003100e+01 1.253100e+01 0.000000e+00
      vertex 1.037800e+01 1.305000e+01 0.000000e+00
      vertex 1.305000e+01 1.037800e+01 0.000000e+00
    endloop
  endfacet
  facet normal 0.000000e+00 0.000000e+00 1.000000e+00
    outer loop
      vertex 1.003100e+01 1.253100e+01 1.000000e+03
      vertex 1.253100e+01 1.003100e+01 1.000000e+03
      vertex 1.305000e+01 1.037800e+01 1.000000e+03
    endloop
  endfacet
  facet normal 0.000000e+00 0.000000e+00 -1.000000e+00
    outer loop
      vertex 1.003100e+01 1.253100e+01 0.000000e+00
      vertex 1.305000e+01 1.037800e+01 0.000000e+00
      vertex 1.253100e+01 1.003100e+01 0.000000e+00
    endloop
  endfacet
  facet normal 0.000000e+00 0.000000e+00 1.000000e+00
    outer loop
      vertex 1.003100e+01 1.253100e+01 1.000000e+03
      vertex 9.964000e+00 7.464000e+00 1.000000e+03
      vertex 1.253100e+01 1.003100e+01 1.000000e+03
    endloop
  endfacet
  facet normal 0.000000e+00 -0.000000e+00 -1.000000e+00
    outer loop
      vertex 1.003100e+01 1.253100e+01 0.000000e+00
      vertex 1.253100e+01 1.003100e+01 0.000000e+00
      vertex 9.964000e+00 7.464000e+00 0.000000e+00
    endloop
  endfacet
  facet normal -0.000000e+00 0.000000e+00 1.000000e+00
    outer loop
      vertex 7.464000e+00 9.964000e+00 1.000000e+03
      vertex 9.964000e+00 7.464000e+00 1.000000e+03
      vertex 1.003100e+01 1.253100e+01 1.000000e+03
    endloop
  endfacet
  facet normal 0.000000e+00 0.000000e+00 -1.000000e+00
    outer loop
      vertex 7.464000e+00 9.964000e+00 0.000000e+00
      vertex 1.003100e+01 1.253100e+01 0.000000e+00
      vertex 9.964000e+00 7.464000e+00 0.000000e+00
    endloop
  endfacet
  facet normal 0.000000e+00 0.000000e+00 1.000000e+00
    outer loop
      vertex 7.464000e+00 9.964000e+00 1.000000e+03
      vertex 8.881000e+00 5.842000e+00 1.000000e+03
      vertex 9.964000e+00 7.464000e+00 1.000000e+03
    endloop
  endfacet
  facet normal 0.000000e+00 0.000000e+00 -1.000000e+00
    outer loop
      vertex 7.464000e+00 9.964000e+00 0.000000e+00
      vertex 9.964000e+00 7.464000e+00 0.000000e+00
      vertex 8.881000e+00 5.842000e+00 0.000000e+00
    endloop
  endfacet
  facet normal -0.000000e+00 0.000000e+00 1.000000e+00
    outer loop
      vertex 5.842000e+00 8.881000e+00 1.000000e+03
      vertex 8.881000e+00 5.842000e+00 1.000000e+03
      vertex 7.464000e+00 9.964000e+00 1.000000e+03
    endloop
  endfacet
  facet normal 0.000000e+00 0.000000e+00 -1.000000e+00
    outer loop
      vertex 5.842000e+00 8.881000e+00 0.000000e+00
      vertex 7.464000e+00 9.964000e+00 0.000000e+00
      vertex 8.881000e+00 5.842000e+00 0.000000e+00
    endloop
  endfacet
  facet normal 0.000000e+00 0.000000e+00 1.000000e+00
    outer loop
      vertex -1.267600e+01 1.408000e+01 1.000000e+03
      vertex -1.037800e+01 1.305000e+01 1.000000e+03
      vertex -1.050000e+01 1.366300e+01 1.000000e+03
    endloop
  endfacet
  facet normal 0.000000e+00 0.000000e+00 -1.000000e+00
    outer loop
      vertex -1.267600e+01 1.408000e+01 0.000000e+00
      vertex -1.050000e+01 1.366300e+01 0.000000e+00
      vertex -1.037800e+01 1.305000e+01 0.000000e+00
    endloop
  endfacet
  facet normal -0.000000e+00 0.000000e+00 1.000000e+00
    outer loop
      vertex -1.323200e+01 1.323200e+01 1.000000e+03
      vertex -1.037800e+01 1.305000e+01 1.000000e+03
      vertex -1.267600e+01 1.408000e+01 1.000000e+03
    endloop
  endfacet
  facet normal 0.000000e+00 0.000000e+00 -1.000000e+00
    outer loop
      vertex -1.323200e+01 1.323200e+01 0.000000e+00
      vertex -1.267600e+01 1.408000e+01 0.000000e+00
      vertex -1.037800e+01 1.305000e+01 0.000000e+00
    endloop
  endfacet
  facet normal 0.000000e+00 -0.000000e+00 1.000000e+00
    outer loop
      vertex -1.305000e+01 1.037800e+01 1.000000e+03
      vertex -1.037800e+01 1.305000e+01 1.000000e+03
      vertex -1.323200e+01 1.323200e+01 1.000000e+03
    endloop
  endfacet
  facet normal 0.000000e+00 0.000000e+00 -1.000000e+00
    outer loop
      vertex -1.305000e+01 1.037800e+01 0.000000e+00
      vertex -1.323200e+01 1.323200e+01 0.000000e+00
      vertex -1.037800e+01 1.305000e+01 0.000000e+00
    endloop
  endfacet
  facet normal 0.000000e+00 -0.000000e+00 1.000000e+00
    outer loop
      vertex -1.253100e+01 1.003100e+01 1.000000e+03
      vertex -1.037800e+01 1.305000e+01 1.000000e+03
      vertex -1.305000e+01 1.037800e+01 1.000000e+03
    endloop
  endfacet
  facet normal 0.000000e+00 0.000000e+00 -1.000000e+00
    outer loop
      vertex -1.253100e+01 1.003100e+01 0.000000e+00
      vertex -1.305000e+01 1.037800e+01 0.000000e+00
      vertex -1.037800e+01 1.305000e+01 0.000000e+00
    endloop
  endfacet
  facet normal 0.000000e+00 0.000000e+00 1.000000e+00
    outer loop
      vertex -1.253100e+01 1.003100e+01 1.000000e+03
      vertex -1.003100e+01 1.253100e+01 1.000000e+03
      vertex -1.037800e+01 1.305000e+01 1.000000e+03
    endloop
  endfacet
  facet normal 0.000000e+00 0.000000e+00 -1.000000e+00
    outer loop
      vertex -1.253100e+01 1.003100e+01 0.000000e+00
      vertex -1.037800e+01 1.305000e+01 0.000000e+00
      vertex -1.003100e+01 1.253100e+01 0.000000e+00
    endloop
  endfacet
  facet normal -0.000000e+00 0.000000e+00 1.000000e+00
    outer loop
      vertex -1.253100e+01 1.003100e+01 1.000000e+03
      vertex -7.464000e+00 9.964000e+00 1.000000e+03
      vertex -1.003100e+01 1.253100e+01 1.000000e+03
    endloop
  endfacet
  facet normal 0.000000e+00 0.000000e+00 -1.000000e+00
    outer loop
      vertex -1.253100e+01 1.003100e+01 0.000000e+00
      vertex -1.003100e+01 1.253100e+01 0.000000e+00
      vertex -7.464000e+00 9.964000e+00 0.000000e+00
    endloop
  endfacet
  facet normal 0.000000e+00 -0.000000e+00 1.000000e+00
    outer loop
      vertex -9.964000e+00 7.464000e+00 1.000000e+03
      vertex -7.464000e+00 9.964000e+00 1.000000e+03
      vertex -1.253100e+01 1.003100e+01 1.000000e+03
    endloop
  endfacet
  facet normal 0.000000e+00 0.000000e+00 -1.000000e+00
    outer loop
      vertex -9.964000e+00 7.464000e+00 0.000000e+00
      vertex -1.253100e+01 1.003100e+01 0.000000e+00
      vertex -7.464000e+00 9.964000e+00 0.000000e+00
    endloop
  endfacet
  facet normal 0.000000e+00 0.000000e+00 1.000000e+00
    outer loop
      vertex -9.964000e+00 7.464000e+00 1.000000e+03
      vertex -5.842000e+00 8.881000e+00 1.000000e+03
      vertex -7.464000e+00 9.964000e+00 1.000000e+03
    endloop
  endfacet
  facet normal 0.000000e+00 0.000000e+00 -1.000000e+00
    outer loop
      vertex -9.964000e+00 7.464000e+00 0.000000e+00
      vertex -7.464000e+00 9.964000e+00 0.000000e+00
      vertex -5.842000e+00 8.881000e+00 0.000000e+00
    endloop
  endfacet
  facet normal 0.000000e+00 -0.000000e+00 1.000000e+00
    outer loop
      vertex -8.881000e+00 5.842000e+00 1.000000e+03
      vertex -5.842000e+00 8.881000e+00 1.000000e+03
      vertex -9.964000e+00 7.464000e+00 1.000000e+03
    endloop
  endfacet
  facet normal 0.000000e+00 0.000000e+00 -1.000000e+00
    outer loop
      vertex -8.881000e+00 5.842000e+00 0.000000e+00
      vertex -9.964000e+00 7.464000e+00 0.000000e+00
      vertex -5.842000e+00 8.881000e+00 0.000000e+00
    endloop
  endfacet
  facet normal 0.000000e+00 0.000000e+00 1.000000e+00
    outer loop
      vertex -4.243000e+00 4.243000e+00 1.000000e+03
      vertex -5.842000e+00 8.881000e+00 1.000000e+03
      vertex -8.881000e+00 5.842000e+00 1.000000e+03
    endloop
  endfacet
  facet normal 0.000000e+00 0.000000e+00 -1.000000e+00
    outer loop
      vertex -4.243000e+00 4.243000e+00 0.000000e+00
      vertex -8.881000e+00 5.842000e+00 0.000000e+00
      vertex -5.842000e+00 8.881000e+00 0.000000e+00
    endloop
  endfacet
  facet normal 0.000000e+00 -0.000000e+00 1.000000e+00
    outer loop
      vertex -4.243000e+00 4.243000e+00 1.000000e+03
      vertex -3.929000e+00 8.500000e+00 1.000000e+03
      vertex -5.842000e+00 8.881000e+00 1.000000e+03
    endloop
  endfacet
  facet normal 0.000000e+00 0.000000e+00 -1.000000e+00
    outer loop
      vertex -4.243000e+00 4.243000e+00 0.000000e+00
      vertex -5.842000e+00 8.881000e+00 0.000000e+00
      vertex -3.929000e+00 8.500000e+00 0.000000e+00
    endloop
  endfacet
  facet normal 0.000000e+00 0.000000e+00 1.000000e+00
    outer loop
      vertex -2.209000e+00 5.579000e+00 1.000000e+03
      vertex -3.929000e+00 8.500000e+00 1.000000e+03
      vertex -4.243000e+00 4.243000e+00 1.000000e+03
    endloop
  endfacet
  facet normal -0.000000e+00 0.000000e+00 -1.000000e+00
    outer loop
      vertex -2.209000e+00 5.579000e+00 0.000000e+00
      vertex -4.243000e+00 4.243000e+00 0.000000e+00
      vertex -3.929000e+00 8.500000e+00 0.000000e+00
    endloop
  endfacet
  facet normal 0.000000e+00 -0.000000e+00 1.000000e+00
    outer loop
      vertex -2.209000e+00 5.579000e+00 1.000000e+03
      vertex 3.929000e+00 8.500000e+00 1.000000e+03
      vertex -3.929000e+00 8.500000e+00 1.000000e+03
    endloop
  endfacet
  facet normal 0.000000e+00 0.000000e+00 -1.000000e+00
    outer loop
      vertex -2.209000e+00 5.579000e+00 0.000000e+00
      vertex -3.929000e+00 8.500000e+00 0.000000e+00
      vertex 3.929000e+00 8.500000e+00 0.000000e+00
    endloop
  endfacet
  facet normal 0.000000e+00 -0.000000e+00 1.000000e+00
    outer loop
      vertex 0.000000e+00 6.000000e+00 1.000000e+03
      vertex 3.929000e+00 8.500000e+00 1.000000e+03
      vertex -2.209000e+00 5.579000e+00 1.000000e+03
    endloop
  endfacet
  facet normal -0.000000e+00 0.000000e+00 -1.000000e+00
    outer loop
      vertex 0.000000e+00 6.000000e+00 0.000000e+00
      vertex -2.209000e+00 5.579000e+00 0.000000e+00
      vertex 3.929000e+00 8.500000e+00 0.000000e+00
    endloop
  endfacet
  facet normal 0.000000e+00 -0.000000e+00 1.000000e+00
    outer loop
      vertex 2.209000e+00 5.579000e+00 1.000000e+03
      vertex 3.929000e+00 8.500000e+00 1.000000e+03
      vertex 0.000000e+00 6.000000e+00 1.000000e+03
    endloop
  endfacet
  facet normal 0.000000e+00 0.000000e+00 -1.000000e+00
    outer loop
      vertex 2.209000e+00 5.579000e+00 0.000000e+00
      vertex 0.000000e+00 6.000000e+00 0.000000e+00
      vertex 3.929000e+00 8.500000e+00 0.000000e+00
    endloop
  endfacet
  facet normal 0.000000e+00 0.000000e+00 1.000000e+00
    outer loop
      vertex 4.243000e+00 4.243000e+00 1.000000e+03
      vertex 3.929000e+00 8.500000e+00 1.000000e+03
      vertex 2.209000e+00 5.579000e+00 1.000000e+03
    endloop
  endfacet
  facet normal 0.000000e+00 0.000000e+00 -1.000000e+00
    outer loop
      vertex 4.243000e+00 4.243000e+00 0.000000e+00
      vertex 2.209000e+00 5.579000e+00 0.000000e+00
      vertex 3.929000e+00 8.500000e+00 0.000000e+00
    endloop
  endfacet
  facet normal 0.000000e+00 -0.000000e+00 1.000000e+00
    outer loop
      vertex 4.243000e+00 4.243000e+00 1.000000e+03
      vertex 5.842000e+00 8.881000e+00 1.000000e+03
      vertex 3.929000e+00 8.500000e+00 1.000000e+03
    endloop
  endfacet
  facet normal 0.000000e+00 0.000000e+00 -1.000000e+00
    outer loop
      vertex 4.243000e+00 4.243000e+00 0.000000e+00
      vertex 3.929000e+00 8.500000e+00 0.000000e+00
      vertex 5.842000e+00 8.881000e+00 0.000000e+00
    endloop
  endfacet
  facet normal 0.000000e+00 0.000000e+00 1.000000e+00
    outer loop
      vertex 4.243000e+00 4.243000e+00 1.000000e+03
      vertex 8.881000e+00 5.842000e+00 1.000000e+03
      vertex 5.842000e+00 8.881000e+00 1.000000e+03
    endloop
  endfacet
  facet normal 0.000000e+00 0.000000e+00 -1.000000e+00
    outer loop
      vertex 4.243000e+00 4.243000e+00 0.000000e+00
      vertex 5.842000e+00 8.881000e+00 0.000000e+00
      vertex 8.881000e+00 5.842000e+00 0.000000e+00
    endloop
  endfacet
  facet normal -0.000000e+00 0.000000e+00 1.000000e+00
    outer loop
      vertex 4.243000e+00 4.243000e+00 1.000000e+03
      vertex 8.500000e+00 3.929000e+00 1.000000e+03
      vertex 8.881000e+00 5.842000e+00 1.000000e+03
    endloop
  endfacet
  facet normal 0.000000e+00 0.000000e+00 -1.000000e+00
    outer loop
      vertex 4.243000e+00 4.243000e+00 0.000000e+00
      vertex 8.881000e+00 5.842000e+00 0.000000e+00
      vertex 8.500000e+00 3.929000e+00 0.000000e+00
    endloop
  endfacet
  facet normal 0.000000e+00 -0.000000e+00 1.000000e+00
    outer loop
      vertex 5.579000e+00 2.209000e+00 1.000000e+03
      vertex 8.500000e+00 3.929000e+00 1.000000e+03
      vertex 4.243000e+00 4.243000e+00 1.000000e+03
    endloop
  endfacet
  facet normal 0.000000e+00 0.000000e+00 -1.000000e+00
    outer loop
      vertex 5.579000e+00 2.209000e+00 0.000000e+00
      vertex 4.243000e+00 4.243000e+00 0.000000e+00
      vertex 8.500000e+00 3.929000e+00 0.000000e+00
    endloop
  endfacet
  facet normal -0.000000e+00 0.000000e+00 1.000000e+00
    outer loop
      vertex 5.579000e+00 2.209000e+00 1.000000e+03
      vertex 8.500000e+00 -3.929000e+00 1.000000e+03
      vertex 8.500000e+00 3.929000e+00 1.000000e+03
    endloop
  endfacet
  facet normal 0.000000e+00 0.000000e+00 -1.000000e+00
    outer loop
      vertex 5.579000e+00 2.209000e+00 0.000000e+00
      vertex 8.500000e+00 3.929000e+00 0.000000e+00
      vertex 8.500000e+00 -3.929000e+00 0.000000e+00
    endloop
  endfacet
  facet normal -0.000000e+00 -0.000000e+00 1.000000e+00
    outer loop
      vertex 6.000000e+00 -0.000000e+00 1.000000e+03
      vertex 8.500000e+00 -3.929000e+00 1.000000e+03
      vertex 5.579000e+00 2.209000e+00 1.000000e+03
    endloop
  endfacet
  facet normal 0.000000e+00 0.000000e+00 -1.000000e+00
    outer loop
      vertex 6.000000e+00 -0.000000e+00 0.000000e+00
      vertex 5.579000e+00 2.209000e+00 0.000000e+00
      vertex 8.500000e+00 -3.929000e+00 0.000000e+00
    endloop
  endfacet
  facet normal -0.000000e+00 0.000000e+00 1.000000e+00
    outer loop
      vertex 5.579000e+00 -2.209000e+00 1.000000e+03
      vertex 8.500000e+00 -3.929000e+00 1.000000e+03
      vertex 6.000000e+00 -0.000000e+00 1.000000e+03
    endloop
  endfacet
  facet normal 0.000000e+00 0.000000e+00 -1.000000e+00
    outer loop
      vertex 5.579000e+00 -2.209000e+00 0.000000e+00
      vertex 6.000000e+00 -0.000000e+00 0.000000e+00
      vertex 8.500000e+00 -3.929000e+00 0.000000e+00
    endloop
  endfacet
  facet normal 0.000000e+00 0.000000e+00 1.000000e+00
    outer loop
      vertex 4.243000e+00 -4.243000e+00 1.000000e+03
      vertex 8.500000e+00 -3.929000e+00 1.000000e+03
      vertex 5.579000e+00 -2.209000e+00 1.000000e+03
    endloop
  endfacet
  facet normal 0.000000e+00 0.000000e+00 -1.000000e+00
    outer loop
      vertex 4.243000e+00 -4.243000e+00 0.000000e+00
      vertex 5.579000e+00 -2.209000e+00 0.000000e+00
      vertex 8.500000e+00 -3.929000e+00 0.000000e+00
    endloop
  endfacet
  facet normal 0.000000e+00 -0.000000e+00 1.000000e+00
    outer loop
      vertex 5.842000e+00 -8.881000e+00 1.000000e+03
      vertex 8.500000e+00 -3.929000e+00 1.000000e+03
      vertex 4.243000e+00 -4.243000e+00 1.000000e+03
    endloop
  endfacet
  facet normal 0.000000e+00 0.000000e+00 -1.000000e+00
    outer loop
      vertex 5.842000e+00 -8.881000e+00 0.000000e+00
      vertex 4.243000e+00 -4.243000e+00 0.000000e+00
      vertex 8.500000e+00 -3.929000e+00 0.000000e+00
    endloop
  endfacet
  facet normal 0.000000e+00 0.000000e+00 1.000000e+00
    outer loop
      vertex 5.842000e+00 -8.881000e+00 1.000000e+03
      vertex 8.881000e+00 -5.842000e+00 1.000000e+03
      vertex 8.500000e+00 -3.929000e+00 1.000000e+03
    endloop
  endfacet
  facet normal 0.000000e+00 0.000000e+00 -1.000000e+00
    outer loop
      vertex 5.842000e+00 -8.881000e+00 0.000000e+00
      vertex 8.500000e+00 -3.929000e+00 0.000000e+00
      vertex 8.881000e+00 -5.842000e+00 0.000000e+00
    endloop
  endfacet
  facet normal 0.000000e+00 0.000000e+00 1.000000e+00
    outer loop
      vertex 5.842000e+00 -8.881000e+00 1.000000e+03
      vertex 9.964000e+00 -7.464000e+00 1.000000e+03
      vertex 8.881000e+00 -5.842000e+00 1.000000e+03
    endloop
  endfacet
  facet normal 0.000000e+00 0.000000e+00 -1.000000e+00
    outer loop
      vertex 5.842000e+00 -8.881000e+00 0.000000e+00
      vertex 8.881000e+00 -5.842000e+00 0.000000e+00
      vertex 9.964000e+00 -7.464000e+00 0.000000e+00
    endloop
  endfacet
  facet normal 0.000000e+00 -0.000000e+00 1.000000e+00
    outer loop
      vertex 7.464000e+00 -9.964000e+00 1.000000e+03
      vertex 9.964000e+00 -7.464000e+00 1.000000e+03
      vertex 5.842000e+00 -8.881000e+00 1.000000e+03
    endloop
  endfacet
  facet normal 0.000000e+00 0.000000e+00 -1.000000e+00
    outer loop
      vertex 7.464000e+00 -9.964000e+00 0.000000e+00
      vertex 5.842000e+00 -8.881000e+00 0.000000e+00
      vertex 9.964000e+00 -7.464000e+00 0.000000e+00
    endloop
  endfacet
  facet normal -0.000000e+00 0.000000e+00 1.000000e+00
    outer loop
      vertex 7.464000e+00 -9.964000e+00 1.000000e+03
      vertex 1.253100e+01 -1.003100e+01 1.000000e+03
      vertex 9.964000e+00 -7.464000e+00 1.000000e+03
    endloop
  endfacet
  facet normal 0.000000e+00 0.000000e+00 -1.000000e+00
    outer loop
      vertex 7.464000e+00 -9.964000e+00 0.000000e+00
      vertex 9.964000e+00 -7.464000e+00 0.000000e+00
      vertex 1.253100e+01 -1.003100e+01 0.000000e+00
    endloop
  endfacet
  facet normal 0.000000e+00 -0.000000e+00 1.000000e+00
    outer loop
      vertex 1.003100e+01 -1.253100e+01 1.000000e+03
      vertex 1.253100e+01 -1.003100e+01 1.000000e+03
      vertex 7.464000e+00 -9.964000e+00 1.000000e+03
    endloop
  endfacet
  facet normal 0.000000e+00 0.000000e+00 -1.000000e+00
    outer loop
      vertex 1.003100e+01 -1.253100e+01 0.000000e+00
      vertex 7.464000e+00 -9.964000e+00 0.000000e+00
      vertex 1.253100e+01 -1.003100e+01 0.000000e+00
    endloop
  endfacet
  facet normal 0.000000e+00 -0.000000e+00 1.000000e+00
    outer loop
      vertex 1.037800e+01 -1.305000e+01 1.000000e+03
      vertex 1.253100e+01 -1.003100e+01 1.000000e+03
      vertex 1.003100e+01 -1.253100e+01 1.000000e+03
    endloop
  endfacet
  facet normal 0.000000e+00 0.000000e+00 -1.000000e+00
    outer loop
      vertex 1.037800e+01 -1.305000e+01 0.000000e+00
      vertex 1.003100e+01 -1.253100e+01 0.000000e+00
      vertex 1.253100e+01 -1.003100e+01 0.000000e+00
    endloop
  endfacet
  facet normal 0.000000e+00 0.000000e+00 1.000000e+00
    outer loop
      vertex 1.037800e+01 -1.305000e+01 1.000000e+03
      vertex 1.305000e+01 -1.037800e+01 1.000000e+03
      vertex 1.253100e+01 -1.003100e+01 1.000000e+03
    endloop
  endfacet
  facet normal 0.000000e+00 0.000000e+00 -1.000000e+00
    outer loop
      vertex 1.037800e+01 -1.305000e+01 0.000000e+00
      vertex 1.253100e+01 -1.003100e+01 0.000000e+00
      vertex 1.305000e+01 -1.037800e+01 0.000000e+00
    endloop
  endfacet
  facet normal -0.000000e+00 0.000000e+00 1.000000e+00
    outer loop
      vertex 1.037800e+01 -1.305000e+01 1.000000e+03
      vertex 1.323200e+01 -1.323200e+01 1.000000e+03
      vertex 1.305000e+01 -1.037800e+01 1.000000e+03
    endloop
  endfacet
  facet normal 0.000000e+00 0.000000e+00 -1.000000e+00
    outer loop
      vertex 1.037800e+01 -1.305000e+01 0.000000e+00
      vertex 1.305000e+01 -1.037800e+01 0.000000e+00
      vertex 1.323200e+01 -1.323200e+01 0.000000e+00
    endloop
  endfacet
  facet normal 0.000000e+00 0.000000e+00 1.000000e+00
    outer loop
      vertex 1.037800e+01 -1.305000e+01 1.000000e+03
      vertex 1.267600e+01 -1.408000e+01 1.000000e+03
      vertex 1.323200e+01 -1.323200e+01 1.000000e+03
    endloop
  endfacet
  facet normal 0.000000e+00 0.000000e+00 -1.000000e+00
    outer loop
      vertex 1.037800e+01 -1.305000e+01 0.000000e+00
      vertex 1.323200e+01 -1.323200e+01 0.000000e+00
      vertex 1.267600e+01 -1.408000e+01 0.000000e+00
    endloop
  endfacet
  facet normal -9.807649e-01 -1.951930e-01 -0.000000e+00
    outer loop
      vertex 1.037800e+01 -1.305000e+01 1.000000e+03
      vertex 1.037800e+01 -1.305000e+01 0.000000e+00
      vertex 1.050000e+01 -1.366300e+01 0.000000e+00
    endloop
  endfacet
  facet normal -9.807649e-01 -1.951930e-01 0.000000e+00
    outer loop
      vertex 1.037800e+01 -1.305000e+01 1.000000e+03
      vertex 1.050000e+01 -1.366300e+01 0.000000e+00
      vertex 1.050000e+01 -1.366300e+01 1.000000e+03
    endloop
  endfacet
  facet normal -1.000000e+00 0.000000e+00 -0.000000e+00
    outer loop
      vertex -8.500000e+00 3.929000e+00 1.000000e+03
      vertex -8.500000e+00 3.929000e+00 0.000000e+00
      vertex -8.500000e+00 -3.929000e+00 0.000000e+00
    endloop
  endfacet
  facet normal -1.000000e+00 -0.000000e+00 0.000000e+00
    outer loop
      vertex -8.500000e+00 3.929000e+00 1.000000e+03
      vertex -8.500000e+00 -3.929000e+00 0.000000e+00
      vertex -8.500000e+00 -3.929000e+00 1.000000e+03
    endloop
  endfacet
  facet normal 9.823191e-01 -1.872143e-01 0.000000e+00
    outer loop
      vertex -6.000000e+00 -0.000000e+00 1.000000e+03
      vertex -6.000000e+00 -0.000000e+00 0.000000e+00
      vertex -5.579000e+00 2.209000e+00 0.000000e+00
    endloop
  endfacet
  facet normal 9.823191e-01 -1.872143e-01 0.000000e+00
    outer loop
      vertex -6.000000e+00 -0.000000e+00 1.000000e+03
      vertex -5.579000e+00 2.209000e+00 0.000000e+00
      vertex -5.579000e+00 2.209000e+00 1.000000e+03
    endloop
  endfacet
  facet normal 9.823191e-01 1.872143e-01 0.000000e+00
    outer loop
      vertex -5.579000e+00 -2.209000e+00 1.000000e+03
      vertex -5.579000e+00 -2.209000e+00 0.000000e+00
      vertex -6.000000e+00 -0.000000e+00 0.000000e+00
    endloop
  endfacet
  facet normal 9.823191e-01 1.872143e-01 0.000000e+00
    outer loop
      vertex -5.579000e+00 -2.209000e+00 1.000000e+03
      vertex -6.000000e+00 -0.000000e+00 0.000000e+00
      vertex -6.000000e+00 -0.000000e+00 1.000000e+03
    endloop
  endfacet
  facet normal 0.000000e+00 -1.000000e+00 0.000000e+00
    outer loop
      vertex 1.366300e+01 1.050000e+01 1.000000e+03
      vertex 1.366300e+01 1.050000e+01 0.000000e+00
      vertex 1.700000e+01 1.050000e+01 0.000000e+00
    endloop
  endfacet
  facet normal 0.000000e+00 -1.000000e+00 0.000000e+00
    outer loop
      vertex 1.366300e+01 1.050000e+01 1.000000e+03
      vertex 1.700000e+01 1.050000e+01 0.000000e+00
      vertex 1.700000e+01 1.050000e+01 1.000000e+03
    endloop
  endfacet
  facet normal 1.878970e-01 9.821887e-01 0.000000e+00
    outer loop
      vertex 1.500000e+01 1.250000e+01 1.000000e+03
      vertex 1.500000e+01 1.250000e+01 0.000000e+00
      vertex 1.408000e+01 1.267600e+01 0.000000e+00
    endloop
  endfacet
  facet normal 1.878970e-01 9.821887e-01 0.000000e+00
    outer loop
      vertex 1.500000e+01 1.250000e+01 1.000000e+03
      vertex 1.408000e+01 1.267600e+01 0.000000e+00
      vertex 1.408000e+01 1.267600e+01 1.000000e+03
    endloop
  endfacet
  facet normal -1.878970e-01 9.821887e-01 0.000000e+00
    outer loop
      vertex 1.592000e+01 1.267600e+01 1.000000e+03
      vertex 1.592000e+01 1.267600e+01 0.000000e+00
      vertex 1.500000e+01 1.250000e+01 0.000000e+00
    endloop
  endfacet
  facet normal -1.878970e-01 9.821887e-01 0.000000e+00
    outer loop
      vertex 1.592000e+01 1.267600e+01 1.000000e+03
      vertex 1.500000e+01 1.250000e+01 0.000000e+00
      vertex 1.500000e+01 1.250000e+01 1.000000e+03
    endloop
  endfacet
  facet normal -1.000000e+00 0.000000e+00 -0.000000e+00
    outer loop
      vertex 1.050000e+01 -1.366300e+01 1.000000e+03
      vertex 1.050000e+01 -1.366300e+01 0.000000e+00
      vertex 1.050000e+01 -1.700000e+01 0.000000e+00
    endloop
  endfacet
  facet normal -1.000000e+00 -0.000000e+00 0.000000e+00
    outer loop
      vertex 1.050000e+01 -1.366300e+01 1.000000e+03
      vertex 1.050000e+01 -1.700000e+01 0.000000e+00
      vertex 1.050000e+01 -1.700000e+01 1.000000e+03
    endloop
  endfacet
  facet normal 9.821887e-01 -1.878970e-01 0.000000e+00
    outer loop
      vertex 1.250000e+01 -1.500000e+01 1.000000e+03
      vertex 1.250000e+01 -1.500000e+01 0.000000e+00
      vertex 1.267600e+01 -1.408000e+01 0.000000e+00
    endloop
  endfacet
  facet normal 9.821887e-01 -1.878970e-01 0.000000e+00
    outer loop
      vertex 1.250000e+01 -1.500000e+01 1.000000e+03
      vertex 1.267600e+01 -1.408000e+01 0.000000e+00
      vertex 1.267600e+01 -1.408000e+01 1.000000e+03
    endloop
  endfacet
  facet normal 9.821887e-01 1.878970e-01 0.000000e+00
    outer loop
      vertex 1.267600e+01 -1.592000e+01 1.000000e+03
      vertex 1.267600e+01 -1.592000e+01 0.000000e+00
      vertex 1.250000e+01 -1.500000e+01 0.000000e+00
    endloop
  endfacet
  facet normal 9.821887e-01 1.878970e-01 0.000000e+00
    outer loop
      vertex 1.267600e+01 -1.592000e+01 1.000000e+03
      vertex 1.250000e+01 -1.500000e+01 0.000000e+00
      vertex 1.250000e+01 -1.500000e+01 1.000000e+03
    endloop
  endfacet
  facet normal 1.000000e+00 0.000000e+00 0.000000e+00
    outer loop
      vertex -1.050000e+01 1.366300e+01 1.000000e+03
      vertex -1.050000e+01 1.366300e+01 0.000000e+00
      vertex -1.050000e+01 1.700000e+01 0.000000e+00
    endloop
  endfacet
  facet normal 1.000000e+00 -0.000000e+00 0.000000e+00
    outer loop
      vertex -1.050000e+01 1.366300e+01 1.000000e+03
      vertex -1.050000e+01 1.700000e+01 0.000000e+00
      vertex -1.050000e+01 1.700000e+01 1.000000e+03
    endloop
  endfacet
  facet normal -9.821887e-01 1.878970e-01 0.000000e+00
    outer loop
      vertex -1.250000e+01 1.500000e+01 1.000000e+03
      vertex -1.250000e+01 1.500000e+01 0.000000e+00
      vertex -1.267600e+01 1.408000e+01 0.000000e+00
    endloop
  endfacet
  facet normal -9.821887e-01 1.878970e-01 0.000000e+00
    outer loop
      vertex -1.250000e+01 1.500000e+01 1.000000e+03
      vertex -1.267600e+01 1.408000e+01 0.000000e+00
      vertex -1.267600e+01 1.408000e+01 1.000000e+03
    endloop
  endfacet
  facet normal -9.821887e-01 -1.878970e-01 -0.000000e+00
    outer loop
      vertex -1.267600e+01 1.592000e+01 1.000000e+03
      vertex -1.267600e+01 1.592000e+01 0.000000e+00
      vertex -1.250000e+01 1.500000e+01 0.000000e+00
    endloop
  endfacet
  facet normal -9.821887e-01 -1.878970e-01 0.000000e+00
    outer loop
      vertex -1.267600e+01 1.592000e+01 1.000000e+03
      vertex -1.250000e+01 1.500000e+01 0.000000e+00
      vertex -1.250000e+01 1.500000e+01 1.000000e+03
    endloop
  endfacet
  facet normal 0.000000e+00 1.000000e+00 0.000000e+00
    outer loop
      vertex -1.366300e+01 -1.050000e+01 1.000000e+03
      vertex -1.366300e+01 -1.050000e+01 0.000000e+00
      vertex -1.700000e+01 -1.050000e+01 0.000000e+00
    endloop
  endfacet
  facet normal 0.000000e+00 1.000000e+00 0.000000e+00
    outer loop
      vertex -1.366300e+01 -1.050000e+01 1.000000e+03
      vertex -1.700000e+01 -1.050000e+01 0.000000e+00
      vertex -1.700000e+01 -1.050000e+01 1.000000e+03
    endloop
  endfacet
  facet normal -1.878970e-01 -9.821887e-01 -0.000000e+00
    outer loop
      vertex -1.500000e+01 -1.250000e+01 1.000000e+03
      vertex -1.500000e+01 -1.250000e+01 0.000000e+00
      vertex -1.408000e+01 -1.267600e+01 0.000000e+00
    endloop
  endfacet
  facet normal -1.878970e-01 -9.821887e-01 0.000000e+00
    outer loop
      vertex -1.500000e+01 -1.250000e+01 1.000000e+03
      vertex -1.408000e+01 -1.267600e+01 0.000000e+00
      vertex -1.408000e+01 -1.267600e+01 1.000000e+03
    endloop
  endfacet
  facet normal 1.878970e-01 -9.821887e-01 0.000000e+00
    outer loop
      vertex -1.592000e+01 -1.267600e+01 1.000000e+03
      vertex -1.592000e+01 -1.267600e+01 0.000000e+00
      vertex -1.500000e+01 -1.250000e+01 0.000000e+00
    endloop
  endfacet
  facet normal 1.878970e-01 -9.821887e-01 0.000000e+00
    outer loop
      vertex -1.592000e+01 -1.267600e+01 1.000000e+03
      vertex -1.500000e+01 -1.250000e+01 0.000000e+00
      vertex -1.500000e+01 -1.250000e+01 1.000000e+03
    endloop
  endfacet
  facet normal 1.000000e+00 0.000000e+00 0.000000e+00
    outer loop
      vertex -1.700000e+01 -1.050000e+01 1.000000e+03
      vertex -1.700000e+01 -1.050000e+01 0.000000e+00
      vertex -1.700000e+01 -4.100000e+00 0.000000e+00
    endloop
  endfacet
  facet normal 1.000000e+00 -0.000000e+00 0.000000e+00
    outer loop
      vertex -1.700000e+01 -1.050000e+01 1.000000e+03
      vertex -1.700000e+01 -4.100000e+00 0.000000e+00
      vertex -1.700000e+01 -4.100000e+00 1.000000e+03
    endloop
  endfacet
  facet normal 0.000000e+00 1.000000e+00 0.000000e+00
    outer loop
      vertex -1.700000e+01 -4.100000e+00 1.000000e+03
      vertex -1.700000e+01 -4.100000e+00 0.000000e+00
      vertex -2.000000e+01 -4.100000e+00 0.000000e+00
    endloop
  endfacet
  facet normal 0.000000e+00 1.000000e+00 0.000000e+00
    outer loop
      vertex -1.700000e+01 -4.100000e+00 1.000000e+03
      vertex -2.000000e+01 -4.100000e+00 0.000000e+00
      vertex -2.000000e+01 -4.100000e+00 1.000000e+03
    endloop
  endfacet
  facet normal -1.000000e+00 0.000000e+00 -0.000000e+00
    outer loop
      vertex -2.000000e+01 -4.100000e+00 1.000000e+03
      vertex -2.000000e+01 -4.100000e+00 0.000000e+00
      vertex -2.000000e+01 -1.700000e+01 0.000000e+00
    endloop
  endfacet
  facet normal -1.000000e+00 -0.000000e+00 0.000000e+00
    outer loop
      vertex -2.000000e+01 -4.100000e+00 1.000000e+03
      vertex -2.000000e+01 -1.700000e+01 0.000000e+00
      vertex -2.000000e+01 -1.700000e+01 1.000000e+03
    endloop
  endfacet
  facet normal 1.000000e+00 0.000000e+00 0.000000e+00
    outer loop
      vertex -4.100000e+00 -2.000000e+01 1.000000e+03
      vertex -4.100000e+00 -2.000000e+01 0.000000e+00
      vertex -4.100000e+00 -1.700000e+01 0.000000e+00
    endloop
  endfacet
  facet normal 1.000000e+00 -0.000000e+00 0.000000e+00
    outer loop
      vertex -4.100000e+00 -2.000000e+01 1.000000e+03
      vertex -4.100000e+00 -1.700000e+01 0.000000e+00
      vertex -4.100000e+00 -1.700000e+01 1.000000e+03
    endloop
  endfacet
  facet normal 0.000000e+00 1.000000e+00 0.000000e+00
    outer loop
      vertex -4.100000e+00 -1.700000e+01 1.000000e+03
      vertex -4.100000e+00 -1.700000e+01 0.000000e+00
      vertex -1.050000e+01 -1.700000e+01 0.000000e+00
    endloop
  endfacet
  facet normal 0.000000e+00 1.000000e+00 0.000000e+00
    outer loop
      vertex -4.100000e+00 -1.700000e+01 1.000000e+03
      vertex -1.050000e+01 -1.700000e+01 0.000000e+00
      vertex -1.050000e+01 -1.700000e+01 1.000000e+03
    endloop
  endfacet
  facet normal 0.000000e+00 -1.000000e+00 0.000000e+00
    outer loop
      vertex -1.700000e+01 -2.000000e+01 1.000000e+03
      vertex -1.700000e+01 -2.000000e+01 0.000000e+00
      vertex -4.100000e+00 -2.000000e+01 0.000000e+00
    endloop
  endfacet
  facet normal 0.000000e+00 -1.000000e+00 0.000000e+00
    outer loop
      vertex -1.700000e+01 -2.000000e+01 1.000000e+03
      vertex -4.100000e+00 -2.000000e+01 0.000000e+00
      vertex -4.100000e+00 -2.000000e+01 1.000000e+03
    endloop
  endfacet
  facet normal 0.000000e+00 1.000000e+00 0.000000e+00
    outer loop
      vertex 1.050000e+01 -1.700000e+01 1.000000e+03
      vertex 1.050000e+01 -1.700000e+01 0.000000e+00
      vertex 4.100000e+00 -1.700000e+01 0.000000e+00
    endloop
  endfacet
  facet normal 0.000000e+00 1.000000e+00 0.000000e+00
    outer loop
      vertex 1.050000e+01 -1.700000e+01 1.000000e+03
      vertex 4.100000e+00 -1.700000e+01 0.000000e+00
      vertex 4.100000e+00 -1.700000e+01 1.000000e+03
    endloop
  endfacet
  facet normal -1.000000e+00 0.000000e+00 -0.000000e+00
    outer loop
      vertex 4.100000e+00 -1.700000e+01 1.000000e+03
      vertex 4.100000e+00 -1.700000e+01 0.000000e+00
      vertex 4.100000e+00 -2.000000e+01 0.000000e+00
    endloop
  endfacet
  facet normal -1.000000e+00 -0.000000e+00 0.000000e+00
    outer loop
      vertex 4.100000e+00 -1.700000e+01 1.000000e+03
      vertex 4.100000e+00 -2.000000e+01 0.000000e+00
      vertex 4.100000e+00 -2.000000e+01 1.000000e+03
    endloop
  endfacet
  facet normal 0.000000e+00 -1.000000e+00 0.000000e+00
    outer loop
      vertex 4.100000e+00 -2.000000e+01 1.000000e+03
      vertex 4.100000e+00 -2.000000e+01 0.000000e+00
      vertex 1.700000e+01 -2.000000e+01 0.000000e+00
    endloop
  endfacet
  facet normal 0.000000e+00 -1.000000e+00 0.000000e+00
    outer loop
      vertex 4.100000e+00 -2.000000e+01 1.000000e+03
      vertex 1.700000e+01 -2.000000e+01 0.000000e+00
      vertex 1.700000e+01 -2.000000e+01 1.000000e+03
    endloop
  endfacet
  facet normal 0.000000e+00 1.000000e+00 0.000000e+00
    outer loop
      vertex 2.000000e+01 -4.100000e+00 1.000000e+03
      vertex 2.000000e+01 -4.100000e+00 0.000000e+00
      vertex 1.700000e+01 -4.100000e+00 0.000000e+00
    endloop
  endfacet
  facet normal 0.000000e+00 1.000000e+00 0.000000e+00
    outer loop
      vertex 2.000000e+01 -4.100000e+00 1.000000e+03
      vertex 1.700000e+01 -4.100000e+00 0.000000e+00
      vertex 1.700000e+01 -4.100000e+00 1.000000e+03
    endloop
  endfacet
  facet normal -1.000000e+00 0.000000e+00 -0.000000e+00
    outer loop
      vertex 1.700000e+01 -4.100000e+00 1.000000e+03
      vertex 1.700000e+01 -4.100000e+00 0.000000e+00
      vertex 1.700000e+01 -1.050000e+01 0.000000e+00
    endloop
  endfacet
  facet normal -1.000000e+00 -0.000000e+00 0.000000e+00
    outer loop
      vertex 1.700000e+01 -4.100000e+00 1.000000e+03
      vertex 1.700000e+01 -1.050000e+01 0.000000e+00
      vertex 1.700000e+01 -1.050000e+01 1.000000e+03
    endloop
  endfacet
  facet normal 1.000000e+00 0.000000e+00 0.000000e+00
    outer loop
      vertex 2.000000e+01 -1.700000e+01 1.000000e+03
      vertex 2.000000e+01 -1.700000e+01 0.000000e+00
      vertex 2.000000e+01 -4.100000e+00 0.000000e+00
    endloop
  endfacet
  facet normal 1.000000e+00 -0.000000e+00 0.000000e+00
    outer loop
      vertex 2.000000e+01 -1.700000e+01 1.000000e+03
      vertex 2.000000e+01 -4.100000e+00 0.000000e+00
      vertex 2.000000e+01 -4.100000e+00 1.000000e+03
    endloop
  endfacet
  facet normal -1.000000e+00 0.000000e+00 -0.000000e+00
    outer loop
      vertex 1.700000e+01 1.050000e+01 1.000000e+03
      vertex 1.700000e+01 1.050000e+01 0.000000e+00
      vertex 1.700000e+01 4.100000e+00 0.000000e+00
    endloop
  endfacet
  facet normal -1.000000e+00 -0.000000e+00 0.000000e+00
    outer loop
      vertex 1.700000e+01 1.050000e+01 1.000000e+03
      vertex 1.700000e+01 4.100000e+00 0.000000e+00
      vertex 1.700000e+01 4.100000e+00 1.000000e+03
    endloop
  endfacet
  facet normal 0.000000e+00 -1.000000e+00 0.000000e+00
    outer loop
      vertex 1.700000e+01 4.100000e+00 1.000000e+03
      vertex 1.700000e+01 4.100000e+00 0.000000e+00
      vertex 2.000000e+01 4.100000e+00 0.000000e+00
    endloop
  endfacet
  facet normal 0.000000e+00 -1.000000e+00 0.000000e+00
    outer loop
      vertex 1.700000e+01 4.100000e+00 1.000000e+03
      vertex 2.000000e+01 4.100000e+00 0.000000e+00
      vertex 2.000000e+01 4.100000e+00 1.000000e+03
    endloop
  endfacet
  facet normal 1.000000e+00 0.000000e+00 0.000000e+00
    outer loop
      vertex 2.000000e+01 4.100000e+00 1.000000e+03
      vertex 2.000000e+01 4.100000e+00 0.000000e+00
      vertex 2.000000e+01 1.700000e+01 0.000000e+00
    endloop
  endfacet
  facet normal 1.000000e+00 -0.000000e+00 0.000000e+00
    outer loop
      vertex 2.000000e+01 4.100000e+00 1.000000e+03
      vertex 2.000000e+01 1.700000e+01 0.000000e+00
      vertex 2.000000e+01 1.700000e+01 1.000000e+03
    endloop
  endfacet
  facet normal -1.000000e+00 0.000000e+00 -0.000000e+00
    outer loop
      vertex 4.100000e+00 2.000000e+01 1.000000e+03
      vertex 4.100000e+00 2.000000e+01 0.000000e+00
      vertex 4.100000e+00 1.700000e+01 0.000000e+00
    endloop
  endfacet
  facet normal -1.000000e+00 -0.000000e+00 0.000000e+00
    outer loop
      vertex 4.100000e+00 2.000000e+01 1.000000e+03
      vertex 4.100000e+00 1.700000e+01 0.000000e+00
      vertex 4.100000e+00 1.700000e+01 1.000000e+03
    endloop
  endfacet
  facet normal 0.000000e+00 -1.000000e+00 0.000000e+00
    outer loop
      vertex 4.100000e+00 1.700000e+01 1.000000e+03
      vertex 4.100000e+00 1.700000e+01 0.000000e+00
      vertex 1.050000e+01 1.700000e+01 0.000000e+00
    endloop
  endfacet
  facet normal 0.000000e+00 -1.000000e+00 0.000000e+00
    outer loop
      vertex 4.100000e+00 1.700000e+01 1.000000e+03
      vertex 1.050000e+01 1.700000e+01 0.000000e+00
      vertex 1.050000e+01 1.700000e+01 1.000000e+03
    endloop
  endfacet
  facet normal 0.000000e+00 1.000000e+00 0.000000e+00
    outer loop
      vertex 1.700000e+01 2.000000e+01 1.000000e+03
      vertex 1.700000e+01 2.000000e+01 0.000000e+00
      vertex 4.100000e+00 2.000000e+01 0.000000e+00
    endloop
  endfacet
  facet normal 0.000000e+00 1.000000e+00 0.000000e+00
    outer loop
      vertex 1.700000e+01 2.000000e+01 1.000000e+03
      vertex 4.100000e+00 2.000000e+01 0.000000e+00
      vertex 4.100000e+00 2.000000e+01 1.000000e+03
    endloop
  endfacet
  facet normal 0.000000e+00 -1.000000e+00 0.000000e+00
    outer loop
      vertex -1.050000e+01 1.700000e+01 1.000000e+03
      vertex -1.050000e+01 1.700000e+01 0.000000e+00
      vertex -4.100000e+00 1.700000e+01 0.000000e+00
    endloop
  endfacet
  facet normal 0.000000e+00 -1.000000e+00 0.000000e+00
    outer loop
      vertex -1.050000e+01 1.700000e+01 1.000000e+03
      vertex -4.100000e+00 1.700000e+01 0.000000e+00
      vertex -4.100000e+00 1.700000e+01 1.000000e+03
    endloop
  endfacet
  facet normal 1.000000e+00 0.000000e+00 0.000000e+00
    outer loop
      vertex -4.100000e+00 1.700000e+01 1.000000e+03
      vertex -4.100000e+00 1.700000e+01 0.000000e+00
      vertex -4.100000e+00 2.000000e+01 0.000000e+00
    endloop
  endfacet
  facet normal 1.000000e+00 -0.000000e+00 0.000000e+00
    outer loop
      vertex -4.100000e+00 1.700000e+01 1.000000e+03
      vertex -4.100000e+00 2.000000e+01 0.000000e+00
      vertex -4.100000e+00 2.000000e+01 1.000000e+03
    endloop
  endfacet
  facet normal 0.000000e+00 1.000000e+00 0.000000e+00
    outer loop
      vertex -4.100000e+00 2.000000e+01 1.000000e+03
      vertex -4.100000e+00 2.000000e+01 0.000000e+00
      vertex -1.700000e+01 2.000000e+01 0.000000e+00
    endloop
  endfacet
  facet normal 0.000000e+00 1.000000e+00 0.000000e+00
    outer loop
      vertex -4.100000e+00 2.000000e+01 1.000000e+03
      vertex -1.700000e+01 2.000000e+01 0.000000e+00
      vertex -1.700000e+01 2.000000e+01 1.000000e+03
    endloop
  endfacet
  facet normal 0.000000e+00 -1.000000e+00 0.000000e+00
    outer loop
      vertex -2.000000e+01 4.100000e+00 1.000000e+03
      vertex -2.000000e+01 4.100000e+00 0.000000e+00
      vertex -1.700000e+01 4.100000e+00 0.000000e+00
    endloop
  endfacet
  facet normal 0.000000e+00 -1.000000e+00 0.000000e+00
    outer loop
      vertex -2.000000e+01 4.100000e+00 1.000000e+03
      vertex -1.700000e+01 4.100000e+00 0.000000e+00
      vertex -1.700000e+01 4.100000e+00 1.000000e+03
    endloop
  endfacet
  facet normal 1.000000e+00 0.000000e+00 0.000000e+00
    outer loop
      vertex -1.700000e+01 4.100000e+00 1.000000e+03
      vertex -1.700000e+01 4.100000e+00 0.000000e+00
      vertex -1.700000e+01 1.050000e+01 0.000000e+00
    endloop
  endfacet
  facet normal 1.000000e+00 -0.000000e+00 0.000000e+00
    outer loop
      vertex -1.700000e+01 4.100000e+00 1.000000e+03
      vertex -1.700000e+01 1.050000e+01 0.000000e+00
      vertex -1.700000e+01 1.050000e+01 1.000000e+03
    endloop
  endfacet
  facet normal -1.000000e+00 0.000000e+00 -0.000000e+00
    outer loop
      vertex -2.000000e+01 1.700000e+01 1.000000e+03
      vertex -2.000000e+01 1.700000e+01 0.000000e+00
      vertex -2.000000e+01 4.100000e+00 0.000000e+00
    endloop
  endfacet
  facet normal -1.000000e+00 -0.000000e+00 0.000000e+00
    outer loop
      vertex -2.000000e+01 1.700000e+01 1.000000e+03
      vertex -2.000000e+01 4.100000e+00 0.000000e+00
      vertex -2.000000e+01 4.100000e+00 1.000000e+03
    endloop
  endfacet
  facet normal 8.358240e-01 -5.489975e-01 0.000000e+00
    outer loop
      vertex -5.579000e+00 2.209000e+00 1.000000e+03
      vertex -5.579000e+00 2.209000e+00 0.000000e+00
      vertex -4.243000e+00 4.243000e+00 0.000000e+00
    endloop
  endfacet
  facet normal 8.358240e-01 -5.489975e-01 0.000000e+00
    outer loop
      vertex -5.579000e+00 2.209000e+00 1.000000e+03
      vertex -4.243000e+00 4.243000e+00 0.000000e+00
      vertex -4.243000e+00 4.243000e+00 1.000000e+03
    endloop
  endfacet
  facet normal 8.358240e-01 5.489975e-01 0.000000e+00
    outer loop
      vertex -4.243000e+00 -4.243000e+00 1.000000e+03
      vertex -4.243000e+00 -4.243000e+00 0.000000e+00
      vertex -5.579000e+00 -2.209000e+00 0.000000e+00
    endloop
  endfacet
  facet normal 8.358240e-01 5.489975e-01 0.000000e+00
    outer loop
      vertex -4.243000e+00 -4.243000e+00 1.000000e+03
      vertex -5.579000e+00 -2.209000e+00 0.000000e+00
      vertex -5.579000e+00 -2.209000e+00 1.000000e+03
    endloop
  endfacet
  facet normal -8.362740e-01 -5.483117e-01 -0.000000e+00
    outer loop
      vertex -1.323200e+01 1.676800e+01 1.000000e+03
      vertex -1.323200e+01 1.676800e+01 0.000000e+00
      vertex -1.267600e+01 1.592000e+01 0.000000e+00
    endloop
  endfacet
  facet normal -8.362740e-01 -5.483117e-01 0.000000e+00
    outer loop
      vertex -1.323200e+01 1.676800e+01 1.000000e+03
      vertex -1.267600e+01 1.592000e+01 0.000000e+00
      vertex -1.267600e+01 1.592000e+01 1.000000e+03
    endloop
  endfacet
  facet normal -5.483117e-01 -8.362740e-01 -0.000000e+00
    outer loop
      vertex -1.408000e+01 1.732400e+01 1.000000e+03
      vertex -1.408000e+01 1.732400e+01 0.000000e+00
      vertex -1.323200e+01 1.676800e+01 0.000000e+00
    endloop
  endfacet
  facet normal -5.483117e-01 -8.362740e-01 0.000000e+00
    outer loop
      vertex -1.408000e+01 1.732400e+01 1.000000e+03
      vertex -1.323200e+01 1.676800e+01 0.000000e+00
      vertex -1.323200e+01 1.676800e+01 1.000000e+03
    endloop
  endfacet
  facet normal -1.878970e-01 -9.821887e-01 -0.000000e+00
    outer loop
      vertex -1.500000e+01 1.750000e+01 1.000000e+03
      vertex -1.500000e+01 1.750000e+01 0.000000e+00
      vertex -1.408000e+01 1.732400e+01 0.000000e+00
    endloop
  endfacet
  facet normal -1.878970e-01 -9.821887e-01 0.000000e+00
    outer loop
      vertex -1.500000e+01 1.750000e+01 1.000000e+03
      vertex -1.408000e+01 1.732400e+01 0.000000e+00
      vertex -1.408000e+01 1.732400e+01 1.000000e+03
    endloop
  endfacet
  facet normal 1.878970e-01 -9.821887e-01 0.000000e+00
    outer loop
      vertex -1.592000e+01 1.732400e+01 1.000000e+03
      vertex -1.592000e+01 1.732400e+01 0.000000e+00
      vertex -1.500000e+01 1.750000e+01 0.000000e+00
    endloop
  endfacet
  facet normal 1.878970e-01 -9.821887e-01 0.000000e+00
    outer loop
      vertex -1.592000e+01 1.732400e+01 1.000000e+03
      vertex -1.500000e+01 1.750000e+01 0.000000e+00
      vertex -1.500000e+01 1.750000e+01 1.000000e+03
    endloop
  endfacet
  facet normal 5.483117e-01 -8.362740e-01 0.000000e+00
    outer loop
      vertex -1.676800e+01 -1.323200e+01 1.000000e+03
      vertex -1.676800e+01 -1.323200e+01 0.000000e+00
      vertex -1.592000e+01 -1.267600e+01 0.000000e+00
    endloop
  endfacet
  facet normal 5.483117e-01 -8.362740e-01 0.000000e+00
    outer loop
      vertex -1.676800e+01 -1.323200e+01 1.000000e+03
      vertex -1.592000e+01 -1.267600e+01 0.000000e+00
      vertex -1.592000e+01 -1.267600e+01 1.000000e+03
    endloop
  endfacet
  facet normal 8.362740e-01 -5.483117e-01 0.000000e+00
    outer loop
      vertex -1.732400e+01 -1.408000e+01 1.000000e+03
      vertex -1.732400e+01 -1.408000e+01 0.000000e+00
      vertex -1.676800e+01 -1.323200e+01 0.000000e+00
    endloop
  endfacet
  facet normal 8.362740e-01 -5.483117e-01 0.000000e+00
    outer loop
      vertex -1.732400e+01 -1.408000e+01 1.000000e+03
      vertex -1.676800e+01 -1.323200e+01 0.000000e+00
      vertex -1.676800e+01 -1.323200e+01 1.000000e+03
    endloop
  endfacet
  facet normal 9.821887e-01 -1.878970e-01 0.000000e+00
    outer loop
      vertex -1.750000e+01 -1.500000e+01 1.000000e+03
      vertex -1.750000e+01 -1.500000e+01 0.000000e+00
      vertex -1.732400e+01 -1.408000e+01 0.000000e+00
    endloop
  endfacet
  facet normal 9.821887e-01 -1.878970e-01 0.000000e+00
    outer loop
      vertex -1.750000e+01 -1.500000e+01 1.000000e+03
      vertex -1.732400e+01 -1.408000e+01 0.000000e+00
      vertex -1.732400e+01 -1.408000e+01 1.000000e+03
    endloop
  endfacet
  facet normal 9.821887e-01 1.878970e-01 0.000000e+00
    outer loop
      vertex -1.732400e+01 -1.592000e+01 1.000000e+03
      vertex -1.732400e+01 -1.592000e+01 0.000000e+00
      vertex -1.750000e+01 -1.500000e+01 0.000000e+00
    endloop
  endfacet
  facet normal 9.821887e-01 1.878970e-01 0.000000e+00
    outer loop
      vertex -1.732400e+01 -1.592000e+01 1.000000e+03
      vertex -1.750000e+01 -1.500000e+01 0.000000e+00
      vertex -1.750000e+01 -1.500000e+01 1.000000e+03
    endloop
  endfacet
  facet normal -5.483117e-01 8.362740e-01 0.000000e+00
    outer loop
      vertex 1.676800e+01 1.323200e+01 1.000000e+03
      vertex 1.676800e+01 1.323200e+01 0.000000e+00
      vertex 1.592000e+01 1.267600e+01 0.000000e+00
    endloop
  endfacet
  facet normal -5.483117e-01 8.362740e-01 0.000000e+00
    outer loop
      vertex 1.676800e+01 1.323200e+01 1.000000e+03
      vertex 1.592000e+01 1.267600e+01 0.000000e+00
      vertex 1.592000e+01 1.267600e+01 1.000000e+03
    endloop
  endfacet
  facet normal -8.362740e-01 5.483117e-01 0.000000e+00
    outer loop
      vertex 1.732400e+01 1.408000e+01 1.000000e+03
      vertex 1.732400e+01 1.408000e+01 0.000000e+00
      vertex 1.676800e+01 1.323200e+01 0.000000e+00
    endloop
  endfacet
  facet normal -8.362740e-01 5.483117e-01 0.000000e+00
    outer loop
      vertex 1.732400e+01 1.408000e+01 1.000000e+03
      vertex 1.676800e+01 1.323200e+01 0.000000e+00
      vertex 1.676800e+01 1.323200e+01 1.000000e+03
    endloop
  endfacet
  facet normal -9.821887e-01 1.878970e-01 0.000000e+00
    outer loop
      vertex 1.750000e+01 1.500000e+01 1.000000e+03
      vertex 1.750000e+01 1.500000e+01 0.000000e+00
      vertex 1.732400e+01 1.408000e+01 0.000000e+00
    endloop
  endfacet
  facet normal -9.821887e-01 1.878970e-01 0.000000e+00
    outer loop
      vertex 1.750000e+01 1.500000e+01 1.000000e+03
      vertex 1.732400e+01 1.408000e+01 0.000000e+00
      vertex 1.732400e+01 1.408000e+01 1.000000e+03
    endloop
  endfacet
  facet normal -9.821887e-01 -1.878970e-01 -0.000000e+00
    outer loop
      vertex 1.732400e+01 1.592000e+01 1.000000e+03
      vertex 1.732400e+01 1.592000e+01 0.000000e+00
      vertex 1.750000e+01 1.500000e+01 0.000000e+00
    endloop
  endfacet
  facet normal -9.821887e-01 -1.878970e-01 0.000000e+00
    outer loop
      vertex 1.732400e+01 1.592000e+01 1.000000e+03
      vertex 1.750000e+01 1.500000e+01 0.000000e+00
      vertex 1.750000e+01 1.500000e+01 1.000000e+03
    endloop
  endfacet
  facet normal 8.362740e-01 5.483117e-01 0.000000e+00
    outer loop
      vertex 1.323200e+01 -1.676800e+01 1.000000e+03
      vertex 1.323200e+01 -1.676800e+01 0.000000e+00
      vertex 1.267600e+01 -1.592000e+01 0.000000e+00
    endloop
  endfacet
  facet normal 8.362740e-01 5.483117e-01 0.000000e+00
    outer loop
      vertex 1.323200e+01 -1.676800e+01 1.000000e+03
      vertex 1.267600e+01 -1.592000e+01 0.000000e+00
      vertex 1.267600e+01 -1.592000e+01 1.000000e+03
    endloop
  endfacet
  facet normal 5.483117e-01 8.362740e-01 0.000000e+00
    outer loop
      vertex 1.408000e+01 -1.732400e+01 1.000000e+03
      vertex 1.408000e+01 -1.732400e+01 0.000000e+00
      vertex 1.323200e+01 -1.676800e+01 0.000000e+00
    endloop
  endfacet
  facet normal 5.483117e-01 8.362740e-01 0.000000e+00
    outer loop
      vertex 1.408000e+01 -1.732400e+01 1.000000e+03
      vertex 1.323200e+01 -1.676800e+01 0.000000e+00
      vertex 1.323200e+01 -1.676800e+01 1.000000e+03
    endloop
  endfacet
  facet normal 1.878970e-01 9.821887e-01 0.000000e+00
    outer loop
      vertex 1.500000e+01 -1.750000e+01 1.000000e+03
      vertex 1.500000e+01 -1.750000e+01 0.000000e+00
      vertex 1.408000e+01 -1.732400e+01 0.000000e+00
    endloop
  endfacet
  facet normal 1.878970e-01 9.821887e-01 0.000000e+00
    outer loop
      vertex 1.500000e+01 -1.750000e+01 1.000000e+03
      vertex 1.408000e+01 -1.732400e+01 0.000000e+00
      vertex 1.408000e+01 -1.732400e+01 1.000000e+03
    endloop
  endfacet
  facet normal -1.878970e-01 9.821887e-01 0.000000e+00
    outer loop
      vertex 1.592000e+01 -1.732400e+01 1.000000e+03
      vertex 1.592000e+01 -1.732400e+01 0.000000e+00
      vertex 1.500000e+01 -1.750000e+01 0.000000e+00
    endloop
  endfacet
  facet normal -1.878970e-01 9.821887e-01 0.000000e+00
    outer loop
      vertex 1.592000e+01 -1.732400e+01 1.000000e+03
      vertex 1.500000e+01 -1.750000e+01 0.000000e+00
      vertex 1.500000e+01 -1.750000e+01 1.000000e+03
    endloop
  endfacet
  facet normal -9.807381e-01 -1.953273e-01 -0.000000e+00
    outer loop
      vertex -8.881000e+00 5.842000e+00 1.000000e+03
      vertex -8.881000e+00 5.842000e+00 0.000000e+00
      vertex -8.500000e+00 3.929000e+00 0.000000e+00
    endloop
  endfacet
  facet normal -9.807381e-01 -1.953273e-01 0.000000e+00
    outer loop
      vertex -8.881000e+00 5.842000e+00 1.000000e+03
      vertex -8.500000e+00 3.929000e+00 0.000000e+00
      vertex -8.500000e+00 3.929000e+00 1.000000e+03
    endloop
  endfacet
  facet normal -9.807381e-01 1.953273e-01 0.000000e+00
    outer loop
      vertex -8.500000e+00 -3.929000e+00 1.000000e+03
      vertex -8.500000e+00 -3.929000e+00 0.000000e+00
      vertex -8.881000e+00 -5.842000e+00 0.000000e+00
    endloop
  endfacet
  facet normal -9.807381e-01 1.953273e-01 0.000000e+00
    outer loop
      vertex -8.500000e+00 -3.929000e+00 1.000000e+03
      vertex -8.881000e+00 -5.842000e+00 0.000000e+00
      vertex -8.881000e+00 -5.842000e+00 1.000000e+03
    endloop
  endfacet
  facet normal -5.483117e-01 8.362740e-01 0.000000e+00
    outer loop
      vertex 1.676800e+01 -1.676800e+01 1.000000e+03
      vertex 1.676800e+01 -1.676800e+01 0.000000e+00
      vertex 1.592000e+01 -1.732400e+01 0.000000e+00
    endloop
  endfacet
  facet normal -5.483117e-01 8.362740e-01 0.000000e+00
    outer loop
      vertex 1.676800e+01 -1.676800e+01 1.000000e+03
      vertex 1.592000e+01 -1.732400e+01 0.000000e+00
      vertex 1.592000e+01 -1.732400e+01 1.000000e+03
    endloop
  endfacet
  facet normal 1.877253e-01 -9.822216e-01 0.000000e+00
    outer loop
      vertex 1.700000e+01 -2.000000e+01 1.000000e+03
      vertex 1.700000e+01 -2.000000e+01 0.000000e+00
      vertex 1.810400e+01 -1.978900e+01 0.000000e+00
    endloop
  endfacet
  facet normal 1.877253e-01 -9.822216e-01 0.000000e+00
    outer loop
      vertex 1.700000e+01 -2.000000e+01 1.000000e+03
      vertex 1.810400e+01 -1.978900e+01 0.000000e+00
      vertex 1.810400e+01 -1.978900e+01 1.000000e+03
    endloop
  endfacet
  facet normal 5.489975e-01 -8.358240e-01 0.000000e+00
    outer loop
      vertex 1.810400e+01 -1.978900e+01 1.000000e+03
      vertex 1.810400e+01 -1.978900e+01 0.000000e+00
      vertex 1.912100e+01 -1.912100e+01 0.000000e+00
    endloop
  endfacet
  facet normal 5.489975e-01 -8.358240e-01 0.000000e+00
    outer loop
      vertex 1.810400e+01 -1.978900e+01 1.000000e+03
      vertex 1.912100e+01 -1.912100e+01 0.000000e+00
      vertex 1.912100e+01 -1.912100e+01 1.000000e+03
    endloop
  endfacet
  facet normal 8.358240e-01 -5.489975e-01 0.000000e+00
    outer loop
      vertex 1.912100e+01 -1.912100e+01 1.000000e+03
      vertex 1.912100e+01 -1.912100e+01 0.000000e+00
      vertex 1.978900e+01 -1.810400e+01 0.000000e+00
    endloop
  endfacet
  facet normal 8.358240e-01 -5.489975e-01 0.000000e+00
    outer loop
      vertex 1.912100e+01 -1.912100e+01 1.000000e+03
      vertex 1.978900e+01 -1.810400e+01 0.000000e+00
      vertex 1.978900e+01 -1.810400e+01 1.000000e+03
    endloop
  endfacet
  facet normal 9.822216e-01 -1.877253e-01 0.000000e+00
    outer loop
      vertex 1.978900e+01 -1.810400e+01 1.000000e+03
      vertex 1.978900e+01 -1.810400e+01 0.000000e+00
      vertex 2.000000e+01 -1.700000e+01 0.000000e+00
    endloop
  endfacet
  facet normal 9.822216e-01 -1.877253e-01 0.000000e+00
    outer loop
      vertex 1.978900e+01 -1.810400e+01 1.000000e+03
      vertex 2.000000e+01 -1.700000e+01 0.000000e+00
      vertex 2.000000e+01 -1.700000e+01 1.000000e+03
    endloop
  endfacet
  facet normal -8.362740e-01 5.483117e-01 0.000000e+00
    outer loop
      vertex 1.732400e+01 -1.592000e+01 1.000000e+03
      vertex 1.732400e+01 -1.592000e+01 0.000000e+00
      vertex 1.676800e+01 -1.676800e+01 0.000000e+00
    endloop
  endfacet
  facet normal -8.362740e-01 5.483117e-01 0.000000e+00
    outer loop
      vertex 1.732400e+01 -1.592000e+01 1.000000e+03
      vertex 1.676800e+01 -1.676800e+01 0.000000e+00
      vertex 1.676800e+01 -1.676800e+01 1.000000e+03
    endloop
  endfacet
  facet normal -9.821887e-01 1.878970e-01 0.000000e+00
    outer loop
      vertex 1.750000e+01 -1.500000e+01 1.000000e+03
      vertex 1.750000e+01 -1.500000e+01 0.000000e+00
      vertex 1.732400e+01 -1.592000e+01 0.000000e+00
    endloop
  endfacet
  facet normal -9.821887e-01 1.878970e-01 0.000000e+00
    outer loop
      vertex 1.750000e+01 -1.500000e+01 1.000000e+03
      vertex 1.732400e+01 -1.592000e+01 0.000000e+00
      vertex 1.732400e+01 -1.592000e+01 1.000000e+03
    endloop
  endfacet
  facet normal -9.821887e-01 -1.878970e-01 -0.000000e+00
    outer loop
      vertex 1.732400e+01 -1.408000e+01 1.000000e+03
      vertex 1.732400e+01 -1.408000e+01 0.000000e+00
      vertex 1.750000e+01 -1.500000e+01 0.000000e+00
    endloop
  endfacet
  facet normal -9.821887e-01 -1.878970e-01 0.000000e+00
    outer loop
      vertex 1.732400e+01 -1.408000e+01 1.000000e+03
      vertex 1.750000e+01 -1.500000e+01 0.000000e+00
      vertex 1.750000e+01 -1.500000e+01 1.000000e+03
    endloop
  endfacet
  facet normal -8.362740e-01 -5.483117e-01 -0.000000e+00
    outer loop
      vertex 1.676800e+01 -1.323200e+01 1.000000e+03
      vertex 1.676800e+01 -1.323200e+01 0.000000e+00
      vertex 1.732400e+01 -1.408000e+01 0.000000e+00
    endloop
  endfacet
  facet normal -8.362740e-01 -5.483117e-01 0.000000e+00
    outer loop
      vertex 1.676800e+01 -1.323200e+01 1.000000e+03
      vertex 1.732400e+01 -1.408000e+01 0.000000e+00
      vertex 1.732400e+01 -1.408000e+01 1.000000e+03
    endloop
  endfacet
  facet normal -5.483117e-01 -8.362740e-01 -0.000000e+00
    outer loop
      vertex 1.592000e+01 -1.267600e+01 1.000000e+03
      vertex 1.592000e+01 -1.267600e+01 0.000000e+00
      vertex 1.676800e+01 -1.323200e+01 0.000000e+00
    endloop
  endfacet
  facet normal -5.483117e-01 -8.362740e-01 0.000000e+00
    outer loop
      vertex 1.592000e+01 -1.267600e+01 1.000000e+03
      vertex 1.676800e+01 -1.323200e+01 0.000000e+00
      vertex 1.676800e+01 -1.323200e+01 1.000000e+03
    endloop
  endfacet
  facet normal 0.000000e+00 1.000000e+00 0.000000e+00
    outer loop
      vertex 1.700000e+01 -1.050000e+01 1.000000e+03
      vertex 1.700000e+01 -1.050000e+01 0.000000e+00
      vertex 1.366300e+01 -1.050000e+01 0.000000e+00
    endloop
  endfacet
  facet normal 0.000000e+00 1.000000e+00 0.000000e+00
    outer loop
      vertex 1.700000e+01 -1.050000e+01 1.000000e+03
      vertex 1.366300e+01 -1.050000e+01 0.000000e+00
      vertex 1.366300e+01 -1.050000e+01 1.000000e+03
    endloop
  endfacet
  facet normal -1.878970e-01 -9.821887e-01 -0.000000e+00
    outer loop
      vertex 1.500000e+01 -1.250000e+01 1.000000e+03
      vertex 1.500000e+01 -1.250000e+01 0.000000e+00
      vertex 1.592000e+01 -1.267600e+01 0.000000e+00
    endloop
  endfacet
  facet normal -1.878970e-01 -9.821887e-01 0.000000e+00
    outer loop
      vertex 1.500000e+01 -1.250000e+01 1.000000e+03
      vertex 1.592000e+01 -1.267600e+01 0.000000e+00
      vertex 1.592000e+01 -1.267600e+01 1.000000e+03
    endloop
  endfacet
  facet normal 1.878970e-01 -9.821887e-01 0.000000e+00
    outer loop
      vertex 1.408000e+01 -1.267600e+01 1.000000e+03
      vertex 1.408000e+01 -1.267600e+01 0.000000e+00
      vertex 1.500000e+01 -1.250000e+01 0.000000e+00
    endloop
  endfacet
  facet normal 1.878970e-01 -9.821887e-01 0.000000e+00
    outer loop
      vertex 1.408000e+01 -1.267600e+01 1.000000e+03
      vertex 1.500000e+01 -1.250000e+01 0.000000e+00
      vertex 1.500000e+01 -1.250000e+01 1.000000e+03
    endloop
  endfacet
  facet normal -8.362740e-01 -5.483117e-01 -0.000000e+00
    outer loop
      vertex 1.676800e+01 1.676800e+01 1.000000e+03
      vertex 1.676800e+01 1.676800e+01 0.000000e+00
      vertex 1.732400e+01 1.592000e+01 0.000000e+00
    endloop
  endfacet
  facet normal -8.362740e-01 -5.483117e-01 0.000000e+00
    outer loop
      vertex 1.676800e+01 1.676800e+01 1.000000e+03
      vertex 1.732400e+01 1.592000e+01 0.000000e+00
      vertex 1.732400e+01 1.592000e+01 1.000000e+03
    endloop
  endfacet
  facet normal 9.822216e-01 1.877253e-01 0.000000e+00
    outer loop
      vertex 2.000000e+01 1.700000e+01 1.000000e+03
      vertex 2.000000e+01 1.700000e+01 0.000000e+00
      vertex 1.978900e+01 1.810400e+01 0.000000e+00
    endloop
  endfacet
  facet normal 9.822216e-01 1.877253e-01 0.000000e+00
    outer loop
      vertex 2.000000e+01 1.700000e+01 1.000000e+03
      vertex 1.978900e+01 1.810400e+01 0.000000e+00
      vertex 1.978900e+01 1.810400e+01 1.000000e+03
    endloop
  endfacet
  facet normal 8.358240e-01 5.489975e-01 0.000000e+00
    outer loop
      vertex 1.978900e+01 1.810400e+01 1.000000e+03
      vertex 1.978900e+01 1.810400e+01 0.000000e+00
      vertex 1.912100e+01 1.912100e+01 0.000000e+00
    endloop
  endfacet
  facet normal 8.358240e-01 5.489975e-01 0.000000e+00
    outer loop
      vertex 1.978900e+01 1.810400e+01 1.000000e+03
      vertex 1.912100e+01 1.912100e+01 0.000000e+00
      vertex 1.912100e+01 1.912100e+01 1.000000e+03
    endloop
  endfacet
  facet normal 5.489975e-01 8.358240e-01 0.000000e+00
    outer loop
      vertex 1.912100e+01 1.912100e+01 1.000000e+03
      vertex 1.912100e+01 1.912100e+01 0.000000e+00
      vertex 1.810400e+01 1.978900e+01 0.000000e+00
    endloop
  endfacet
  facet normal 5.489975e-01 8.358240e-01 0.000000e+00
    outer loop
      vertex 1.912100e+01 1.912100e+01 1.000000e+03
      vertex 1.810400e+01 1.978900e+01 0.000000e+00
      vertex 1.810400e+01 1.978900e+01 1.000000e+03
    endloop
  endfacet
  facet normal 1.877253e-01 9.822216e-01 0.000000e+00
    outer loop
      vertex 1.810400e+01 1.978900e+01 1.000000e+03
      vertex 1.810400e+01 1.978900e+01 0.000000e+00
      vertex 1.700000e+01 2.000000e+01 0.000000e+00
    endloop
  endfacet
  facet normal 1.877253e-01 9.822216e-01 0.000000e+00
    outer loop
      vertex 1.810400e+01 1.978900e+01 1.000000e+03
      vertex 1.700000e+01 2.000000e+01 0.000000e+00
      vertex 1.700000e+01 2.000000e+01 1.000000e+03
    endloop
  endfacet
  facet normal -5.483117e-01 -8.362740e-01 -0.000000e+00
    outer loop
      vertex 1.592000e+01 1.732400e+01 1.000000e+03
      vertex 1.592000e+01 1.732400e+01 0.000000e+00
      vertex 1.676800e+01 1.676800e+01 0.000000e+00
    endloop
  endfacet
  facet normal -5.483117e-01 -8.362740e-01 0.000000e+00
    outer loop
      vertex 1.592000e+01 1.732400e+01 1.000000e+03
      vertex 1.676800e+01 1.676800e+01 0.000000e+00
      vertex 1.676800e+01 1.676800e+01 1.000000e+03
    endloop
  endfacet
  facet normal -1.878970e-01 -9.821887e-01 -0.000000e+00
    outer loop
      vertex 1.500000e+01 1.750000e+01 1.000000e+03
      vertex 1.500000e+01 1.750000e+01 0.000000e+00
      vertex 1.592000e+01 1.732400e+01 0.000000e+00
    endloop
  endfacet
  facet normal -1.878970e-01 -9.821887e-01 0.000000e+00
    outer loop
      vertex 1.500000e+01 1.750000e+01 1.000000e+03
      vertex 1.592000e+01 1.732400e+01 0.000000e+00
      vertex 1.592000e+01 1.732400e+01 1.000000e+03
    endloop
  endfacet
  facet normal 1.878970e-01 -9.821887e-01 0.000000e+00
    outer loop
      vertex 1.408000e+01 1.732400e+01 1.000000e+03
      vertex 1.408000e+01 1.732400e+01 0.000000e+00
      vertex 1.500000e+01 1.750000e+01 0.000000e+00
    endloop
  endfacet
  facet normal 1.878970e-01 -9.821887e-01 0.000000e+00
    outer loop
      vertex 1.408000e+01 1.732400e+01 1.000000e+03
      vertex 1.500000e+01 1.750000e+01 0.000000e+00
      vertex 1.500000e+01 1.750000e+01 1.000000e+03
    endloop
  endfacet
  facet normal 5.483117e-01 -8.362740e-01 0.000000e+00
    outer loop
      vertex 1.323200e+01 1.676800e+01 1.000000e+03
      vertex 1.323200e+01 1.676800e+01 0.000000e+00
      vertex 1.408000e+01 1.732400e+01 0.000000e+00
    endloop
  endfacet
  facet normal 5.483117e-01 -8.362740e-01 0.000000e+00
    outer loop
      vertex 1.323200e+01 1.676800e+01 1.000000e+03
      vertex 1.408000e+01 1.732400e+01 0.000000e+00
      vertex 1.408000e+01 1.732400e+01 1.000000e+03
    endloop
  endfacet
  facet normal 8.362740e-01 -5.483117e-01 0.000000e+00
    outer loop
      vertex 1.267600e+01 1.592000e+01 1.000000e+03
      vertex 1.267600e+01 1.592000e+01 0.000000e+00
      vertex 1.323200e+01 1.676800e+01 0.000000e+00
    endloop
  endfacet
  facet normal 8.362740e-01 -5.483117e-01 0.000000e+00
    outer loop
      vertex 1.267600e+01 1.592000e+01 1.000000e+03
      vertex 1.323200e+01 1.676800e+01 0.000000e+00
      vertex 1.323200e+01 1.676800e+01 1.000000e+03
    endloop
  endfacet
  facet normal -1.000000e+00 0.000000e+00 -0.000000e+00
    outer loop
      vertex 1.050000e+01 1.700000e+01 1.000000e+03
      vertex 1.050000e+01 1.700000e+01 0.000000e+00
      vertex 1.050000e+01 1.366300e+01 0.000000e+00
    endloop
  endfacet
  facet normal -1.000000e+00 -0.000000e+00 0.000000e+00
    outer loop
      vertex 1.050000e+01 1.700000e+01 1.000000e+03
      vertex 1.050000e+01 1.366300e+01 0.000000e+00
      vertex 1.050000e+01 1.366300e+01 1.000000e+03
    endloop
  endfacet
  facet normal 9.821887e-01 -1.878970e-01 0.000000e+00
    outer loop
      vertex 1.250000e+01 1.500000e+01 1.000000e+03
      vertex 1.250000e+01 1.500000e+01 0.000000e+00
      vertex 1.267600e+01 1.592000e+01 0.000000e+00
    endloop
  endfacet
  facet normal 9.821887e-01 -1.878970e-01 0.000000e+00
    outer loop
      vertex 1.250000e+01 1.500000e+01 1.000000e+03
      vertex 1.267600e+01 1.592000e+01 0.000000e+00
      vertex 1.267600e+01 1.592000e+01 1.000000e+03
    endloop
  endfacet
  facet normal 9.821887e-01 1.878970e-01 0.000000e+00
    outer loop
      vertex 1.267600e+01 1.408000e+01 1.000000e+03
      vertex 1.267600e+01 1.408000e+01 0.000000e+00
      vertex 1.250000e+01 1.500000e+01 0.000000e+00
    endloop
  endfacet
  facet normal 9.821887e-01 1.878970e-01 0.000000e+00
    outer loop
      vertex 1.267600e+01 1.408000e+01 1.000000e+03
      vertex 1.250000e+01 1.500000e+01 0.000000e+00
      vertex 1.250000e+01 1.500000e+01 1.000000e+03
    endloop
  endfacet
  facet normal 5.483117e-01 -8.362740e-01 0.000000e+00
    outer loop
      vertex -1.676800e+01 1.676800e+01 1.000000e+03
      vertex -1.676800e+01 1.676800e+01 0.000000e+00
      vertex -1.592000e+01 1.732400e+01 0.000000e+00
    endloop
  endfacet
  facet normal 5.483117e-01 -8.362740e-01 0.000000e+00
    outer loop
      vertex -1.676800e+01 1.676800e+01 1.000000e+03
      vertex -1.592000e+01 1.732400e+01 0.000000e+00
      vertex -1.592000e+01 1.732400e+01 1.000000e+03
    endloop
  endfacet
  facet normal -1.877253e-01 9.822216e-01 0.000000e+00
    outer loop
      vertex -1.700000e+01 2.000000e+01 1.000000e+03
      vertex -1.700000e+01 2.000000e+01 0.000000e+00
      vertex -1.810400e+01 1.978900e+01 0.000000e+00
    endloop
  endfacet
  facet normal -1.877253e-01 9.822216e-01 0.000000e+00
    outer loop
      vertex -1.700000e+01 2.000000e+01 1.000000e+03
      vertex -1.810400e+01 1.978900e+01 0.000000e+00
      vertex -1.810400e+01 1.978900e+01 1.000000e+03
    endloop
  endfacet
  facet normal -5.489975e-01 8.358240e-01 0.000000e+00
    outer loop
      vertex -1.810400e+01 1.978900e+01 1.000000e+03
      vertex -1.810400e+01 1.978900e+01 0.000000e+00
      vertex -1.912100e+01 1.912100e+01 0.000000e+00
    endloop
  endfacet
  facet normal -5.489975e-01 8.358240e-01 0.000000e+00
    outer loop
      vertex -1.810400e+01 1.978900e+01 1.000000e+03
      vertex -1.912100e+01 1.912100e+01 0.000000e+00
      vertex -1.912100e+01 1.912100e+01 1.000000e+03
    endloop
  endfacet
  facet normal -8.358240e-01 5.489975e-01 0.000000e+00
    outer loop
      vertex -1.912100e+01 1.912100e+01 1.000000e+03
      vertex -1.912100e+01 1.912100e+01 0.000000e+00
      vertex -1.978900e+01 1.810400e+01 0.000000e+00
    endloop
  endfacet
  facet normal -8.358240e-01 5.489975e-01 0.000000e+00
    outer loop
      vertex -1.912100e+01 1.912100e+01 1.000000e+03
      vertex -1.978900e+01 1.810400e+01 0.000000e+00
      vertex -1.978900e+01 1.810400e+01 1.000000e+03
    endloop
  endfacet
  facet normal -9.822216e-01 1.877253e-01 0.000000e+00
    outer loop
      vertex -1.978900e+01 1.810400e+01 1.000000e+03
      vertex -1.978900e+01 1.810400e+01 0.000000e+00
      vertex -2.000000e+01 1.700000e+01 0.000000e+00
    endloop
  endfacet
  facet normal -9.822216e-01 1.877253e-01 0.000000e+00
    outer loop
      vertex -1.978900e+01 1.810400e+01 1.000000e+03
      vertex -2.000000e+01 1.700000e+01 0.000000e+00
      vertex -2.000000e+01 1.700000e+01 1.000000e+03
    endloop
  endfacet
  facet normal 8.362740e-01 -5.483117e-01 0.000000e+00
    outer loop
      vertex -1.732400e+01 1.592000e+01 1.000000e+03
      vertex -1.732400e+01 1.592000e+01 0.000000e+00
      vertex -1.676800e+01 1.676800e+01 0.000000e+00
    endloop
  endfacet
  facet normal 8.362740e-01 -5.483117e-01 0.000000e+00
    outer loop
      vertex -1.732400e+01 1.592000e+01 1.000000e+03
      vertex -1.676800e+01 1.676800e+01 0.000000e+00
      vertex -1.676800e+01 1.676800e+01 1.000000e+03
    endloop
  endfacet
  facet normal 9.821887e-01 -1.878970e-01 0.000000e+00
    outer loop
      vertex -1.750000e+01 1.500000e+01 1.000000e+03
      vertex -1.750000e+01 1.500000e+01 0.000000e+00
      vertex -1.732400e+01 1.592000e+01 0.000000e+00
    endloop
  endfacet
  facet normal 9.821887e-01 -1.878970e-01 0.000000e+00
    outer loop
      vertex -1.750000e+01 1.500000e+01 1.000000e+03
      vertex -1.732400e+01 1.592000e+01 0.000000e+00
      vertex -1.732400e+01 1.592000e+01 1.000000e+03
    endloop
  endfacet
  facet normal 9.821887e-01 1.878970e-01 0.000000e+00
    outer loop
      vertex -1.732400e+01 1.408000e+01 1.000000e+03
      vertex -1.732400e+01 1.408000e+01 0.000000e+00
      vertex -1.750000e+01 1.500000e+01 0.000000e+00
    endloop
  endfacet
  facet normal 9.821887e-01 1.878970e-01 0.000000e+00
    outer loop
      vertex -1.732400e+01 1.408000e+01 1.000000e+03
      vertex -1.750000e+01 1.500000e+01 0.000000e+00
      vertex -1.750000e+01 1.500000e+01 1.000000e+03
    endloop
  endfacet
  facet normal 8.362740e-01 5.483117e-01 0.000000e+00
    outer loop
      vertex -1.676800e+01 1.323200e+01 1.000000e+03
      vertex -1.676800e+01 1.323200e+01 0.000000e+00
      vertex -1.732400e+01 1.408000e+01 0.000000e+00
    endloop
  endfacet
  facet normal 8.362740e-01 5.483117e-01 0.000000e+00
    outer loop
      vertex -1.676800e+01 1.323200e+01 1.000000e+03
      vertex -1.732400e+01 1.408000e+01 0.000000e+00
      vertex -1.732400e+01 1.408000e+01 1.000000e+03
    endloop
  endfacet
  facet normal 5.483117e-01 8.362740e-01 0.000000e+00
    outer loop
      vertex -1.592000e+01 1.267600e+01 1.000000e+03
      vertex -1.592000e+01 1.267600e+01 0.000000e+00
      vertex -1.676800e+01 1.323200e+01 0.000000e+00
    endloop
  endfacet
  facet normal 5.483117e-01 8.362740e-01 0.000000e+00
    outer loop
      vertex -1.592000e+01 1.267600e+01 1.000000e+03
      vertex -1.676800e+01 1.323200e+01 0.000000e+00
      vertex -1.676800e+01 1.323200e+01 1.000000e+03
    endloop
  endfacet
  facet normal 0.000000e+00 -1.000000e+00 0.000000e+00
    outer loop
      vertex -1.700000e+01 1.050000e+01 1.000000e+03
      vertex -1.700000e+01 1.050000e+01 0.000000e+00
      vertex -1.366300e+01 1.050000e+01 0.000000e+00
    endloop
  endfacet
  facet normal 0.000000e+00 -1.000000e+00 0.000000e+00
    outer loop
      vertex -1.700000e+01 1.050000e+01 1.000000e+03
      vertex -1.366300e+01 1.050000e+01 0.000000e+00
      vertex -1.366300e+01 1.050000e+01 1.000000e+03
    endloop
  endfacet
  facet normal 1.878970e-01 9.821887e-01 0.000000e+00
    outer loop
      vertex -1.500000e+01 1.250000e+01 1.000000e+03
      vertex -1.500000e+01 1.250000e+01 0.000000e+00
      vertex -1.592000e+01 1.267600e+01 0.000000e+00
    endloop
  endfacet
  facet normal 1.878970e-01 9.821887e-01 0.000000e+00
    outer loop
      vertex -1.500000e+01 1.250000e+01 1.000000e+03
      vertex -1.592000e+01 1.267600e+01 0.000000e+00
      vertex -1.592000e+01 1.267600e+01 1.000000e+03
    endloop
  endfacet
  facet normal -1.878970e-01 9.821887e-01 0.000000e+00
    outer loop
      vertex -1.408000e+01 1.267600e+01 1.000000e+03
      vertex -1.408000e+01 1.267600e+01 0.000000e+00
      vertex -1.500000e+01 1.250000e+01 0.000000e+00
    endloop
  endfacet
  facet normal -1.878970e-01 9.821887e-01 0.000000e+00
    outer loop
      vertex -1.408000e+01 1.267600e+01 1.000000e+03
      vertex -1.500000e+01 1.250000e+01 0.000000e+00
      vertex -1.500000e+01 1.250000e+01 1.000000e+03
    endloop
  endfacet
  facet normal 8.362740e-01 5.483117e-01 0.000000e+00
    outer loop
      vertex -1.676800e+01 -1.676800e+01 1.000000e+03
      vertex -1.676800e+01 -1.676800e+01 0.000000e+00
      vertex -1.732400e+01 -1.592000e+01 0.000000e+00
    endloop
  endfacet
  facet normal 8.362740e-01 5.483117e-01 0.000000e+00
    outer loop
      vertex -1.676800e+01 -1.676800e+01 1.000000e+03
      vertex -1.732400e+01 -1.592000e+01 0.000000e+00
      vertex -1.732400e+01 -1.592000e+01 1.000000e+03
    endloop
  endfacet
  facet normal -9.822216e-01 -1.877253e-01 -0.000000e+00
    outer loop
      vertex -2.000000e+01 -1.700000e+01 1.000000e+03
      vertex -2.000000e+01 -1.700000e+01 0.000000e+00
      vertex -1.978900e+01 -1.810400e+01 0.000000e+00
    endloop
  endfacet
  facet normal -9.822216e-01 -1.877253e-01 0.000000e+00
    outer loop
      vertex -2.000000e+01 -1.700000e+01 1.000000e+03
      vertex -1.978900e+01 -1.810400e+01 0.000000e+00
      vertex -1.978900e+01 -1.810400e+01 1.000000e+03
    endloop
  endfacet
  facet normal -8.358240e-01 -5.489975e-01 -0.000000e+00
    outer loop
      vertex -1.978900e+01 -1.810400e+01 1.000000e+03
      vertex -1.978900e+01 -1.810400e+01 0.000000e+00
      vertex -1.912100e+01 -1.912100e+01 0.000000e+00
    endloop
  endfacet
  facet normal -8.358240e-01 -5.489975e-01 0.000000e+00
    outer loop
      vertex -1.978900e+01 -1.810400e+01 1.000000e+03
      vertex -1.912100e+01 -1.912100e+01 0.000000e+00
      vertex -1.912100e+01 -1.912100e+01 1.000000e+03
    endloop
  endfacet
  facet normal -5.489975e-01 -8.358240e-01 -0.000000e+00
    outer loop
      vertex -1.912100e+01 -1.912100e+01 1.000000e+03
      vertex -1.912100e+01 -1.912100e+01 0.000000e+00
      vertex -1.810400e+01 -1.978900e+01 0.000000e+00
    endloop
  endfacet
  facet normal -5.489975e-01 -8.358240e-01 0.000000e+00
    outer loop
      vertex -1.912100e+01 -1.912100e+01 1.000000e+03
      vertex -1.810400e+01 -1.978900e+01 0.000000e+00
      vertex -1.810400e+01 -1.978900e+01 1.000000e+03
    endloop
  endfacet
  facet normal -1.877253e-01 -9.822216e-01 -0.000000e+00
    outer loop
      vertex -1.810400e+01 -1.978900e+01 1.000000e+03
      vertex -1.810400e+01 -1.978900e+01 0.000000e+00
      vertex -1.700000e+01 -2.000000e+01 0.000000e+00
    endloop
  endfacet
  facet normal -1.877253e-01 -9.822216e-01 0.000000e+00
    outer loop
      vertex -1.810400e+01 -1.978900e+01 1.000000e+03
      vertex -1.700000e+01 -2.000000e+01 0.000000e+00
      vertex -1.700000e+01 -2.000000e+01 1.000000e+03
    endloop
  endfacet
  facet normal 5.483117e-01 8.362740e-01 0.000000e+00
    outer loop
      vertex -1.592000e+01 -1.732400e+01 1.000000e+03
      vertex -1.592000e+01 -1.732400e+01 0.000000e+00
      vertex -1.676800e+01 -1.676800e+01 0.000000e+00
    endloop
  endfacet
  facet normal 5.483117e-01 8.362740e-01 0.000000e+00
    outer loop
      vertex -1.592000e+01 -1.732400e+01 1.000000e+03
      vertex -1.676800e+01 -1.676800e+01 0.000000e+00
      vertex -1.676800e+01 -1.676800e+01 1.000000e+03
    endloop
  endfacet
  facet normal 1.878970e-01 9.821887e-01 0.000000e+00
    outer loop
      vertex -1.500000e+01 -1.750000e+01 1.000000e+03
      vertex -1.500000e+01 -1.750000e+01 0.000000e+00
      vertex -1.592000e+01 -1.732400e+01 0.000000e+00
    endloop
  endfacet
  facet normal 1.878970e-01 9.821887e-01 0.000000e+00
    outer loop
      vertex -1.500000e+01 -1.750000e+01 1.000000e+03
      vertex -1.592000e+01 -1.732400e+01 0.000000e+00
      vertex -1.592000e+01 -1.732400e+01 1.000000e+03
    endloop
  endfacet
  facet normal -1.878970e-01 9.821887e-01 0.000000e+00
    outer loop
      vertex -1.408000e+01 -1.732400e+01 1.000000e+03
      vertex -1.408000e+01 -1.732400e+01 0.000000e+00
      vertex -1.500000e+01 -1.750000e+01 0.000000e+00
    endloop
  endfacet
  facet normal -1.878970e-01 9.821887e-01 0.000000e+00
    outer loop
      vertex -1.408000e+01 -1.732400e+01 1.000000e+03
      vertex -1.500000e+01 -1.750000e+01 0.000000e+00
      vertex -1.500000e+01 -1.750000e+01 1.000000e+03
    endloop
  endfacet
  facet normal -5.483117e-01 8.362740e-01 0.000000e+00
    outer loop
      vertex -1.323200e+01 -1.676800e+01 1.000000e+03
      vertex -1.323200e+01 -1.676800e+01 0.000000e+00
      vertex -1.408000e+01 -1.732400e+01 0.000000e+00
    endloop
  endfacet
  facet normal -5.483117e-01 8.362740e-01 0.000000e+00
    outer loop
      vertex -1.323200e+01 -1.676800e+01 1.000000e+03
      vertex -1.408000e+01 -1.732400e+01 0.000000e+00
      vertex -1.408000e+01 -1.732400e+01 1.000000e+03
    endloop
  endfacet
  facet normal -8.362740e-01 5.483117e-01 0.000000e+00
    outer loop
      vertex -1.267600e+01 -1.592000e+01 1.000000e+03
      vertex -1.267600e+01 -1.592000e+01 0.000000e+00
      vertex -1.323200e+01 -1.676800e+01 0.000000e+00
    endloop
  endfacet
  facet normal -8.362740e-01 5.483117e-01 0.000000e+00
    outer loop
      vertex -1.267600e+01 -1.592000e+01 1.000000e+03
      vertex -1.323200e+01 -1.676800e+01 0.000000e+00
      vertex -1.323200e+01 -1.676800e+01 1.000000e+03
    endloop
  endfacet
  facet normal 1.000000e+00 0.000000e+00 0.000000e+00
    outer loop
      vertex -1.050000e+01 -1.700000e+01 1.000000e+03
      vertex -1.050000e+01 -1.700000e+01 0.000000e+00
      vertex -1.050000e+01 -1.366300e+01 0.000000e+00
    endloop
  endfacet
  facet normal 1.000000e+00 -0.000000e+00 0.000000e+00
    outer loop
      vertex -1.050000e+01 -1.700000e+01 1.000000e+03
      vertex -1.050000e+01 -1.366300e+01 0.000000e+00
      vertex -1.050000e+01 -1.366300e+01 1.000000e+03
    endloop
  endfacet
  facet normal -9.821887e-01 1.878970e-01 0.000000e+00
    outer loop
      vertex -1.250000e+01 -1.500000e+01 1.000000e+03
      vertex -1.250000e+01 -1.500000e+01 0.000000e+00
      vertex -1.267600e+01 -1.592000e+01 0.000000e+00
    endloop
  endfacet
  facet normal -9.821887e-01 1.878970e-01 0.000000e+00
    outer loop
      vertex -1.250000e+01 -1.500000e+01 1.000000e+03
      vertex -1.267600e+01 -1.592000e+01 0.000000e+00
      vertex -1.267600e+01 -1.592000e+01 1.000000e+03
    endloop
  endfacet
  facet normal -9.821887e-01 -1.878970e-01 -0.000000e+00
    outer loop
      vertex -1.267600e+01 -1.408000e+01 1.000000e+03
      vertex -1.267600e+01 -1.408000e+01 0.000000e+00
      vertex -1.250000e+01 -1.500000e+01 0.000000e+00
    endloop
  endfacet
  facet normal -9.821887e-01 -1.878970e-01 0.000000e+00
    outer loop
      vertex -1.267600e+01 -1.408000e+01 1.000000e+03
      vertex -1.250000e+01 -1.500000e+01 0.000000e+00
      vertex -1.250000e+01 -1.500000e+01 1.000000e+03
    endloop
  endfacet
  facet normal -1.951930e-01 -9.807649e-01 -0.000000e+00
    outer loop
      vertex -1.366300e+01 1.050000e+01 1.000000e+03
      vertex -1.366300e+01 1.050000e+01 0.000000e+00
      vertex -1.305000e+01 1.037800e+01 0.000000e+00
    endloop
  endfacet
  facet normal -1.951930e-01 -9.807649e-01 0.000000e+00
    outer loop
      vertex -1.366300e+01 1.050000e+01 1.000000e+03
      vertex -1.305000e+01 1.037800e+01 0.000000e+00
      vertex -1.305000e+01 1.037800e+01 1.000000e+03
    endloop
  endfacet
  facet normal -5.483117e-01 8.362740e-01 0.000000e+00
    outer loop
      vertex -1.323200e+01 1.323200e+01 1.000000e+03
      vertex -1.323200e+01 1.323200e+01 0.000000e+00
      vertex -1.408000e+01 1.267600e+01 0.000000e+00
    endloop
  endfacet
  facet normal -5.483117e-01 8.362740e-01 0.000000e+00
    outer loop
      vertex -1.323200e+01 1.323200e+01 1.000000e+03
      vertex -1.408000e+01 1.267600e+01 0.000000e+00
      vertex -1.408000e+01 1.267600e+01 1.000000e+03
    endloop
  endfacet
  facet normal 9.807649e-01 -1.951930e-01 0.000000e+00
    outer loop
      vertex -1.050000e+01 -1.366300e+01 1.000000e+03
      vertex -1.050000e+01 -1.366300e+01 0.000000e+00
      vertex -1.037800e+01 -1.305000e+01 0.000000e+00
    endloop
  endfacet
  facet normal 9.807649e-01 -1.951930e-01 0.000000e+00
    outer loop
      vertex -1.050000e+01 -1.366300e+01 1.000000e+03
      vertex -1.037800e+01 -1.305000e+01 0.000000e+00
      vertex -1.037800e+01 -1.305000e+01 1.000000e+03
    endloop
  endfacet
  facet normal -8.362740e-01 -5.483117e-01 -0.000000e+00
    outer loop
      vertex -1.323200e+01 -1.323200e+01 1.000000e+03
      vertex -1.323200e+01 -1.323200e+01 0.000000e+00
      vertex -1.267600e+01 -1.408000e+01 0.000000e+00
    endloop
  endfacet
  facet normal -8.362740e-01 -5.483117e-01 0.000000e+00
    outer loop
      vertex -1.323200e+01 -1.323200e+01 1.000000e+03
      vertex -1.267600e+01 -1.408000e+01 0.000000e+00
      vertex -1.267600e+01 -1.408000e+01 1.000000e+03
    endloop
  endfacet
  facet normal 1.951930e-01 9.807649e-01 0.000000e+00
    outer loop
      vertex 1.366300e+01 -1.050000e+01 1.000000e+03
      vertex 1.366300e+01 -1.050000e+01 0.000000e+00
      vertex 1.305000e+01 -1.037800e+01 0.000000e+00
    endloop
  endfacet
  facet normal 1.951930e-01 9.807649e-01 0.000000e+00
    outer loop
      vertex 1.366300e+01 -1.050000e+01 1.000000e+03
      vertex 1.305000e+01 -1.037800e+01 0.000000e+00
      vertex 1.305000e+01 -1.037800e+01 1.000000e+03
    endloop
  endfacet
  facet normal 5.483117e-01 -8.362740e-01 0.000000e+00
    outer loop
      vertex 1.323200e+01 -1.323200e+01 1.000000e+03
      vertex 1.323200e+01 -1.323200e+01 0.000000e+00
      vertex 1.408000e+01 -1.267600e+01 0.000000e+00
    endloop
  endfacet
  facet normal 5.483117e-01 -8.362740e-01 0.000000e+00
    outer loop
      vertex 1.323200e+01 -1.323200e+01 1.000000e+03
      vertex 1.408000e+01 -1.267600e+01 0.000000e+00
      vertex 1.408000e+01 -1.267600e+01 1.000000e+03
    endloop
  endfacet
  facet normal -9.807649e-01 1.951930e-01 0.000000e+00
    outer loop
      vertex 1.050000e+01 1.366300e+01 1.000000e+03
      vertex 1.050000e+01 1.366300e+01 0.000000e+00
      vertex 1.037800e+01 1.305000e+01 0.000000e+00
    endloop
  endfacet
  facet normal -9.807649e-01 1.951930e-01 0.000000e+00
    outer loop
      vertex 1.050000e+01 1.366300e+01 1.000000e+03
      vertex 1.037800e+01 1.305000e+01 0.000000e+00
      vertex 1.037800e+01 1.305000e+01 1.000000e+03
    endloop
  endfacet
  facet normal 8.362740e-01 5.483117e-01 0.000000e+00
    outer loop
      vertex 1.323200e+01 1.323200e+01 1.000000e+03
      vertex 1.323200e+01 1.323200e+01 0.000000e+00
      vertex 1.267600e+01 1.408000e+01 0.000000e+00
    endloop
  endfacet
  facet normal 8.362740e-01 5.483117e-01 0.000000e+00
    outer loop
      vertex 1.323200e+01 1.323200e+01 1.000000e+03
      vertex 1.267600e+01 1.408000e+01 0.000000e+00
      vertex 1.267600e+01 1.408000e+01 1.000000e+03
    endloop
  endfacet
  facet normal -1.951930e-01 9.807649e-01 0.000000e+00
    outer loop
      vertex -1.305000e+01 -1.037800e+01 1.000000e+03
      vertex -1.305000e+01 -1.037800e+01 0.000000e+00
      vertex -1.366300e+01 -1.050000e+01 0.000000e+00
    endloop
  endfacet
  facet normal -1.951930e-01 9.807649e-01 0.000000e+00
    outer loop
      vertex -1.305000e+01 -1.037800e+01 1.000000e+03
      vertex -1.366300e+01 -1.050000e+01 0.000000e+00
      vertex -1.366300e+01 -1.050000e+01 1.000000e+03
    endloop
  endfacet
  facet normal -5.483117e-01 -8.362740e-01 -0.000000e+00
    outer loop
      vertex -1.408000e+01 -1.267600e+01 1.000000e+03
      vertex -1.408000e+01 -1.267600e+01 0.000000e+00
      vertex -1.323200e+01 -1.323200e+01 0.000000e+00
    endloop
  endfacet
  facet normal -5.483117e-01 -8.362740e-01 0.000000e+00
    outer loop
      vertex -1.408000e+01 -1.267600e+01 1.000000e+03
      vertex -1.323200e+01 -1.323200e+01 0.000000e+00
      vertex -1.323200e+01 -1.323200e+01 1.000000e+03
    endloop
  endfacet
  facet normal 8.313103e-01 -5.558086e-01 0.000000e+00
    outer loop
      vertex -1.037800e+01 -1.305000e+01 1.000000e+03
      vertex -1.037800e+01 -1.305000e+01 0.000000e+00
      vertex -1.003100e+01 -1.253100e+01 0.000000e+00
    endloop
  endfacet
  facet normal 8.313103e-01 -5.558086e-01 0.000000e+00
    outer loop
      vertex -1.037800e+01 -1.305000e+01 1.000000e+03
      vertex -1.003100e+01 -1.253100e+01 0.000000e+00
      vertex -1.003100e+01 -1.253100e+01 1.000000e+03
    endloop
  endfacet
  facet normal -5.558086e-01 8.313103e-01 0.000000e+00
    outer loop
      vertex -1.253100e+01 -1.003100e+01 1.000000e+03
      vertex -1.253100e+01 -1.003100e+01 0.000000e+00
      vertex -1.305000e+01 -1.037800e+01 0.000000e+00
    endloop
  endfacet
  facet normal -5.558086e-01 8.313103e-01 0.000000e+00
    outer loop
      vertex -1.253100e+01 -1.003100e+01 1.000000e+03
      vertex -1.305000e+01 -1.037800e+01 0.000000e+00
      vertex -1.305000e+01 -1.037800e+01 1.000000e+03
    endloop
  endfacet
  facet normal -7.071068e-01 7.071068e-01 0.000000e+00
    outer loop
      vertex -9.964000e+00 -7.464000e+00 1.000000e+03
      vertex -9.964000e+00 -7.464000e+00 0.000000e+00
      vertex -1.253100e+01 -1.003100e+01 0.000000e+00
    endloop
  endfacet
  facet normal -7.071068e-01 7.071068e-01 0.000000e+00
    outer loop
      vertex -9.964000e+00 -7.464000e+00 1.000000e+03
      vertex -1.253100e+01 -1.003100e+01 0.000000e+00
      vertex -1.253100e+01 -1.003100e+01 1.000000e+03
    endloop
  endfacet
  facet normal 7.071068e-01 -7.071068e-01 0.000000e+00
    outer loop
      vertex -1.003100e+01 -1.253100e+01 1.000000e+03
      vertex -1.003100e+01 -1.253100e+01 0.000000e+00
      vertex -7.464000e+00 -9.964000e+00 0.000000e+00
    endloop
  endfacet
  facet normal 7.071068e-01 -7.071068e-01 0.000000e+00
    outer loop
      vertex -1.003100e+01 -1.253100e+01 1.000000e+03
      vertex -7.464000e+00 -9.964000e+00 0.000000e+00
      vertex -7.464000e+00 -9.964000e+00 1.000000e+03
    endloop
  endfacet
  facet normal -8.316557e-01 5.552917e-01 0.000000e+00
    outer loop
      vertex -8.881000e+00 -5.842000e+00 1.000000e+03
      vertex -8.881000e+00 -5.842000e+00 0.000000e+00
      vertex -9.964000e+00 -7.464000e+00 0.000000e+00
    endloop
  endfacet
  facet normal -8.316557e-01 5.552917e-01 0.000000e+00
    outer loop
      vertex -8.881000e+00 -5.842000e+00 1.000000e+03
      vertex -9.964000e+00 -7.464000e+00 0.000000e+00
      vertex -9.964000e+00 -7.464000e+00 1.000000e+03
    endloop
  endfacet
  facet normal 5.552917e-01 -8.316557e-01 0.000000e+00
    outer loop
      vertex -7.464000e+00 -9.964000e+00 1.000000e+03
      vertex -7.464000e+00 -9.964000e+00 0.000000e+00
      vertex -5.842000e+00 -8.881000e+00 0.000000e+00
    endloop
  endfacet
  facet normal 5.552917e-01 -8.316557e-01 0.000000e+00
    outer loop
      vertex -7.464000e+00 -9.964000e+00 1.000000e+03
      vertex -5.842000e+00 -8.881000e+00 0.000000e+00
      vertex -5.842000e+00 -8.881000e+00 1.000000e+03
    endloop
  endfacet
  facet normal 1.953273e-01 -9.807381e-01 0.000000e+00
    outer loop
      vertex -5.842000e+00 -8.881000e+00 1.000000e+03
      vertex -5.842000e+00 -8.881000e+00 0.000000e+00
      vertex -3.929000e+00 -8.500000e+00 0.000000e+00
    endloop
  endfacet
  facet normal 1.953273e-01 -9.807381e-01 0.000000e+00
    outer loop
      vertex -5.842000e+00 -8.881000e+00 1.000000e+03
      vertex -3.929000e+00 -8.500000e+00 0.000000e+00
      vertex -3.929000e+00 -8.500000e+00 1.000000e+03
    endloop
  endfacet
  facet normal 5.489975e-01 8.358240e-01 0.000000e+00
    outer loop
      vertex -2.209000e+00 -5.579000e+00 1.000000e+03
      vertex -2.209000e+00 -5.579000e+00 0.000000e+00
      vertex -4.243000e+00 -4.243000e+00 0.000000e+00
    endloop
  endfacet
  facet normal 5.489975e-01 8.358240e-01 0.000000e+00
    outer loop
      vertex -2.209000e+00 -5.579000e+00 1.000000e+03
      vertex -4.243000e+00 -4.243000e+00 0.000000e+00
      vertex -4.243000e+00 -4.243000e+00 1.000000e+03
    endloop
  endfacet
  facet normal 0.000000e+00 -1.000000e+00 0.000000e+00
    outer loop
      vertex -3.929000e+00 -8.500000e+00 1.000000e+03
      vertex -3.929000e+00 -8.500000e+00 0.000000e+00
      vertex 3.929000e+00 -8.500000e+00 0.000000e+00
    endloop
  endfacet
  facet normal 0.000000e+00 -1.000000e+00 0.000000e+00
    outer loop
      vertex -3.929000e+00 -8.500000e+00 1.000000e+03
      vertex 3.929000e+00 -8.500000e+00 0.000000e+00
      vertex 3.929000e+00 -8.500000e+00 1.000000e+03
    endloop
  endfacet
  facet normal 1.872143e-01 9.823191e-01 0.000000e+00
    outer loop
      vertex 0.000000e+00 -6.000000e+00 1.000000e+03
      vertex 0.000000e+00 -6.000000e+00 0.000000e+00
      vertex -2.209000e+00 -5.579000e+00 0.000000e+00
    endloop
  endfacet
  facet normal 1.872143e-01 9.823191e-01 0.000000e+00
    outer loop
      vertex 0.000000e+00 -6.000000e+00 1.000000e+03
      vertex -2.209000e+00 -5.579000e+00 0.000000e+00
      vertex -2.209000e+00 -5.579000e+00 1.000000e+03
    endloop
  endfacet
  facet normal -1.872143e-01 9.823191e-01 0.000000e+00
    outer loop
      vertex 2.209000e+00 -5.579000e+00 1.000000e+03
      vertex 2.209000e+00 -5.579000e+00 0.000000e+00
      vertex 0.000000e+00 -6.000000e+00 0.000000e+00
    endloop
  endfacet
  facet normal -1.872143e-01 9.823191e-01 0.000000e+00
    outer loop
      vertex 2.209000e+00 -5.579000e+00 1.000000e+03
      vertex 0.000000e+00 -6.000000e+00 0.000000e+00
      vertex 0.000000e+00 -6.000000e+00 1.000000e+03
    endloop
  endfacet
  facet normal -5.489975e-01 8.358240e-01 0.000000e+00
    outer loop
      vertex 4.243000e+00 -4.243000e+00 1.000000e+03
      vertex 4.243000e+00 -4.243000e+00 0.000000e+00
      vertex 2.209000e+00 -5.579000e+00 0.000000e+00
    endloop
  endfacet
  facet normal -5.489975e-01 8.358240e-01 0.000000e+00
    outer loop
      vertex 4.243000e+00 -4.243000e+00 1.000000e+03
      vertex 2.209000e+00 -5.579000e+00 0.000000e+00
      vertex 2.209000e+00 -5.579000e+00 1.000000e+03
    endloop
  endfacet
  facet normal -1.953273e-01 -9.807381e-01 -0.000000e+00
    outer loop
      vertex 3.929000e+00 -8.500000e+00 1.000000e+03
      vertex 3.929000e+00 -8.500000e+00 0.000000e+00
      vertex 5.842000e+00 -8.881000e+00 0.000000e+00
    endloop
  endfacet
  facet normal -1.953273e-01 -9.807381e-01 0.000000e+00
    outer loop
      vertex 3.929000e+00 -8.500000e+00 1.000000e+03
      vertex 5.842000e+00 -8.881000e+00 0.000000e+00
      vertex 5.842000e+00 -8.881000e+00 1.000000e+03
    endloop
  endfacet
  facet normal 1.951930e-01 -9.807649e-01 0.000000e+00
    outer loop
      vertex 1.305000e+01 1.037800e+01 1.000000e+03
      vertex 1.305000e+01 1.037800e+01 0.000000e+00
      vertex 1.366300e+01 1.050000e+01 0.000000e+00
    endloop
  endfacet
  facet normal 1.951930e-01 -9.807649e-01 0.000000e+00
    outer loop
      vertex 1.305000e+01 1.037800e+01 1.000000e+03
      vertex 1.366300e+01 1.050000e+01 0.000000e+00
      vertex 1.366300e+01 1.050000e+01 1.000000e+03
    endloop
  endfacet
  facet normal 5.483117e-01 8.362740e-01 0.000000e+00
    outer loop
      vertex 1.408000e+01 1.267600e+01 1.000000e+03
      vertex 1.408000e+01 1.267600e+01 0.000000e+00
      vertex 1.323200e+01 1.323200e+01 0.000000e+00
    endloop
  endfacet
  facet normal 5.483117e-01 8.362740e-01 0.000000e+00
    outer loop
      vertex 1.408000e+01 1.267600e+01 1.000000e+03
      vertex 1.323200e+01 1.323200e+01 0.000000e+00
      vertex 1.323200e+01 1.323200e+01 1.000000e+03
    endloop
  endfacet
  facet normal -8.313103e-01 5.558086e-01 0.000000e+00
    outer loop
      vertex 1.037800e+01 1.305000e+01 1.000000e+03
      vertex 1.037800e+01 1.305000e+01 0.000000e+00
      vertex 1.003100e+01 1.253100e+01 0.000000e+00
    endloop
  endfacet
  facet normal -8.313103e-01 5.558086e-01 0.000000e+00
    outer loop
      vertex 1.037800e+01 1.305000e+01 1.000000e+03
      vertex 1.003100e+01 1.253100e+01 0.000000e+00
      vertex 1.003100e+01 1.253100e+01 1.000000e+03
    endloop
  endfacet
  facet normal 5.558086e-01 -8.313103e-01 0.000000e+00
    outer loop
      vertex 1.253100e+01 1.003100e+01 1.000000e+03
      vertex 1.253100e+01 1.003100e+01 0.000000e+00
      vertex 1.305000e+01 1.037800e+01 0.000000e+00
    endloop
  endfacet
  facet normal 5.558086e-01 -8.313103e-01 0.000000e+00
    outer loop
      vertex 1.253100e+01 1.003100e+01 1.000000e+03
      vertex 1.305000e+01 1.037800e+01 0.000000e+00
      vertex 1.305000e+01 1.037800e+01 1.000000e+03
    endloop
  endfacet
  facet normal 7.071068e-01 -7.071068e-01 0.000000e+00
    outer loop
      vertex 9.964000e+00 7.464000e+00 1.000000e+03
      vertex 9.964000e+00 7.464000e+00 0.000000e+00
      vertex 1.253100e+01 1.003100e+01 0.000000e+00
    endloop
  endfacet
  facet normal 7.071068e-01 -7.071068e-01 0.000000e+00
    outer loop
      vertex 9.964000e+00 7.464000e+00 1.000000e+03
      vertex 1.253100e+01 1.003100e+01 0.000000e+00
      vertex 1.253100e+01 1.003100e+01 1.000000e+03
    endloop
  endfacet
  facet normal -7.071068e-01 7.071068e-01 0.000000e+00
    outer loop
      vertex 1.003100e+01 1.253100e+01 1.000000e+03
      vertex 1.003100e+01 1.253100e+01 0.000000e+00
      vertex 7.464000e+00 9.964000e+00 0.000000e+00
    endloop
  endfacet
  facet normal -7.071068e-01 7.071068e-01 0.000000e+00
    outer loop
      vertex 1.003100e+01 1.253100e+01 1.000000e+03
      vertex 7.464000e+00 9.964000e+00 0.000000e+00
      vertex 7.464000e+00 9.964000e+00 1.000000e+03
    endloop
  endfacet
  facet normal 8.316557e-01 -5.552917e-01 0.000000e+00
    outer loop
      vertex 8.881000e+00 5.842000e+00 1.000000e+03
      vertex 8.881000e+00 5.842000e+00 0.000000e+00
      vertex 9.964000e+00 7.464000e+00 0.000000e+00
    endloop
  endfacet
  facet normal 8.316557e-01 -5.552917e-01 0.000000e+00
    outer loop
      vertex 8.881000e+00 5.842000e+00 1.000000e+03
      vertex 9.964000e+00 7.464000e+00 0.000000e+00
      vertex 9.964000e+00 7.464000e+00 1.000000e+03
    endloop
  endfacet
  facet normal -5.552917e-01 8.316557e-01 0.000000e+00
    outer loop
      vertex 7.464000e+00 9.964000e+00 1.000000e+03
      vertex 7.464000e+00 9.964000e+00 0.000000e+00
      vertex 5.842000e+00 8.881000e+00 0.000000e+00
    endloop
  endfacet
  facet normal -5.552917e-01 8.316557e-01 0.000000e+00
    outer loop
      vertex 7.464000e+00 9.964000e+00 1.000000e+03
      vertex 5.842000e+00 8.881000e+00 0.000000e+00
      vertex 5.842000e+00 8.881000e+00 1.000000e+03
    endloop
  endfacet
  facet normal 9.807649e-01 1.951930e-01 0.000000e+00
    outer loop
      vertex -1.037800e+01 1.305000e+01 1.000000e+03
      vertex -1.037800e+01 1.305000e+01 0.000000e+00
      vertex -1.050000e+01 1.366300e+01 0.000000e+00
    endloop
  endfacet
  facet normal 9.807649e-01 1.951930e-01 0.000000e+00
    outer loop
      vertex -1.037800e+01 1.305000e+01 1.000000e+03
      vertex -1.050000e+01 1.366300e+01 0.000000e+00
      vertex -1.050000e+01 1.366300e+01 1.000000e+03
    endloop
  endfacet
  facet normal -8.362740e-01 5.483117e-01 0.000000e+00
    outer loop
      vertex -1.267600e+01 1.408000e+01 1.000000e+03
      vertex -1.267600e+01 1.408000e+01 0.000000e+00
      vertex -1.323200e+01 1.323200e+01 0.000000e+00
    endloop
  endfacet
  facet normal -8.362740e-01 5.483117e-01 0.000000e+00
    outer loop
      vertex -1.267600e+01 1.408000e+01 1.000000e+03
      vertex -1.323200e+01 1.323200e+01 0.000000e+00
      vertex -1.323200e+01 1.323200e+01 1.000000e+03
    endloop
  endfacet
  facet normal -5.558086e-01 -8.313103e-01 -0.000000e+00
    outer loop
      vertex -1.305000e+01 1.037800e+01 1.000000e+03
      vertex -1.305000e+01 1.037800e+01 0.000000e+00
      vertex -1.253100e+01 1.003100e+01 0.000000e+00
    endloop
  endfacet
  facet normal -5.558086e-01 -8.313103e-01 0.000000e+00
    outer loop
      vertex -1.305000e+01 1.037800e+01 1.000000e+03
      vertex -1.253100e+01 1.003100e+01 0.000000e+00
      vertex -1.253100e+01 1.003100e+01 1.000000e+03
    endloop
  endfacet
  facet normal 8.313103e-01 5.558086e-01 0.000000e+00
    outer loop
      vertex -1.003100e+01 1.253100e+01 1.000000e+03
      vertex -1.003100e+01 1.253100e+01 0.000000e+00
      vertex -1.037800e+01 1.305000e+01 0.000000e+00
    endloop
  endfacet
  facet normal 8.313103e-01 5.558086e-01 0.000000e+00
    outer loop
      vertex -1.003100e+01 1.253100e+01 1.000000e+03
      vertex -1.037800e+01 1.305000e+01 0.000000e+00
      vertex -1.037800e+01 1.305000e+01 1.000000e+03
    endloop
  endfacet
  facet normal 7.071068e-01 7.071068e-01 0.000000e+00
    outer loop
      vertex -7.464000e+00 9.964000e+00 1.000000e+03
      vertex -7.464000e+00 9.964000e+00 0.000000e+00
      vertex -1.003100e+01 1.253100e+01 0.000000e+00
    endloop
  endfacet
  facet normal 7.071068e-01 7.071068e-01 0.000000e+00
    outer loop
      vertex -7.464000e+00 9.964000e+00 1.000000e+03
      vertex -1.003100e+01 1.253100e+01 0.000000e+00
      vertex -1.003100e+01 1.253100e+01 1.000000e+03
    endloop
  endfacet
  facet normal -7.071068e-01 -7.071068e-01 -0.000000e+00
    outer loop
      vertex -1.253100e+01 1.003100e+01 1.000000e+03
      vertex -1.253100e+01 1.003100e+01 0.000000e+00
      vertex -9.964000e+00 7.464000e+00 0.000000e+00
    endloop
  endfacet
  facet normal -7.071068e-01 -7.071068e-01 0.000000e+00
    outer loop
      vertex -1.253100e+01 1.003100e+01 1.000000e+03
      vertex -9.964000e+00 7.464000e+00 0.000000e+00
      vertex -9.964000e+00 7.464000e+00 1.000000e+03
    endloop
  endfacet
  facet normal 5.552917e-01 8.316557e-01 0.000000e+00
    outer loop
      vertex -5.842000e+00 8.881000e+00 1.000000e+03
      vertex -5.842000e+00 8.881000e+00 0.000000e+00
      vertex -7.464000e+00 9.964000e+00 0.000000e+00
    endloop
  endfacet
  facet normal 5.552917e-01 8.316557e-01 0.000000e+00
    outer loop
      vertex -5.842000e+00 8.881000e+00 1.000000e+03
      vertex -7.464000e+00 9.964000e+00 0.000000e+00
      vertex -7.464000e+00 9.964000e+00 1.000000e+03
    endloop
  endfacet
  facet normal -8.316557e-01 -5.552917e-01 -0.000000e+00
    outer loop
      vertex -9.964000e+00 7.464000e+00 1.000000e+03
      vertex -9.964000e+00 7.464000e+00 0.000000e+00
      vertex -8.881000e+00 5.842000e+00 0.000000e+00
    endloop
  endfacet
  facet normal -8.316557e-01 -5.552917e-01 0.000000e+00
    outer loop
      vertex -9.964000e+00 7.464000e+00 1.000000e+03
      vertex -8.881000e+00 5.842000e+00 0.000000e+00
      vertex -8.881000e+00 5.842000e+00 1.000000e+03
    endloop
  endfacet
  facet normal 1.953273e-01 9.807381e-01 0.000000e+00
    outer loop
      vertex -3.929000e+00 8.500000e+00 1.000000e+03
      vertex -3.929000e+00 8.500000e+00 0.000000e+00
      vertex -5.842000e+00 8.881000e+00 0.000000e+00
    endloop
  endfacet
  facet normal 1.953273e-01 9.807381e-01 0.000000e+00
    outer loop
      vertex -3.929000e+00 8.500000e+00 1.000000e+03
      vertex -5.842000e+00 8.881000e+00 0.000000e+00
      vertex -5.842000e+00 8.881000e+00 1.000000e+03
    endloop
  endfacet
  facet normal 5.489975e-01 -8.358240e-01 0.000000e+00
    outer loop
      vertex -4.243000e+00 4.243000e+00 1.000000e+03
      vertex -4.243000e+00 4.243000e+00 0.000000e+00
      vertex -2.209000e+00 5.579000e+00 0.000000e+00
    endloop
  endfacet
  facet normal 5.489975e-01 -8.358240e-01 0.000000e+00
    outer loop
      vertex -4.243000e+00 4.243000e+00 1.000000e+03
      vertex -2.209000e+00 5.579000e+00 0.000000e+00
      vertex -2.209000e+00 5.579000e+00 1.000000e+03
    endloop
  endfacet
  facet normal 0.000000e+00 1.000000e+00 0.000000e+00
    outer loop
      vertex 3.929000e+00 8.500000e+00 1.000000e+03
      vertex 3.929000e+00 8.500000e+00 0.000000e+00
      vertex -3.929000e+00 8.500000e+00 0.000000e+00
    endloop
  endfacet
  facet normal 0.000000e+00 1.000000e+00 0.000000e+00
    outer loop
      vertex 3.929000e+00 8.500000e+00 1.000000e+03
      vertex -3.929000e+00 8.500000e+00 0.000000e+00
      vertex -3.929000e+00 8.500000e+00 1.000000e+03
    endloop
  endfacet
  facet normal 1.872143e-01 -9.823191e-01 0.000000e+00
    outer loop
      vertex -2.209000e+00 5.579000e+00 1.000000e+03
      vertex -2.209000e+00 5.579000e+00 0.000000e+00
      vertex 0.000000e+00 6.000000e+00 0.000000e+00
    endloop
  endfacet
  facet normal 1.872143e-01 -9.823191e-01 0.000000e+00
    outer loop
      vertex -2.209000e+00 5.579000e+00 1.000000e+03
      vertex 0.000000e+00 6.000000e+00 0.000000e+00
      vertex 0.000000e+00 6.000000e+00 1.000000e+03
    endloop
  endfacet
  facet normal -1.872143e-01 -9.823191e-01 -0.000000e+00
    outer loop
      vertex 0.000000e+00 6.000000e+00 1.000000e+03
      vertex 0.000000e+00 6.000000e+00 0.000000e+00
      vertex 2.209000e+00 5.579000e+00 0.000000e+00
    endloop
  endfacet
  facet normal -1.872143e-01 -9.823191e-01 0.000000e+00
    outer loop
      vertex 0.000000e+00 6.000000e+00 1.000000e+03
      vertex 2.209000e+00 5.579000e+00 0.000000e+00
      vertex 2.209000e+00 5.579000e+00 1.000000e+03
    endloop
  endfacet
  facet normal -5.489975e-01 -8.358240e-01 -0.000000e+00
    outer loop
      vertex 2.209000e+00 5.579000e+00 1.000000e+03
      vertex 2.209000e+00 5.579000e+00 0.000000e+00
      vertex 4.243000e+00 4.243000e+00 0.000000e+00
    endloop
  endfacet
  facet normal -5.489975e-01 -8.358240e-01 0.000000e+00
    outer loop
      vertex 2.209000e+00 5.579000e+00 1.000000e+03
      vertex 4.243000e+00 4.243000e+00 0.000000e+00
      vertex 4.243000e+00 4.243000e+00 1.000000e+03
    endloop
  endfacet
  facet normal -1.953273e-01 9.807381e-01 0.000000e+00
    outer loop
      vertex 5.842000e+00 8.881000e+00 1.000000e+03
      vertex 5.842000e+00 8.881000e+00 0.000000e+00
      vertex 3.929000e+00 8.500000e+00 0.000000e+00
    endloop
  endfacet
  facet normal -1.953273e-01 9.807381e-01 0.000000e+00
    outer loop
      vertex 5.842000e+00 8.881000e+00 1.000000e+03
      vertex 3.929000e+00 8.500000e+00 0.000000e+00
      vertex 3.929000e+00 8.500000e+00 1.000000e+03
    endloop
  endfacet
  facet normal 9.807381e-01 -1.953273e-01 0.000000e+00
    outer loop
      vertex 8.500000e+00 3.929000e+00 1.000000e+03
      vertex 8.500000e+00 3.929000e+00 0.000000e+00
      vertex 8.881000e+00 5.842000e+00 0.000000e+00
    endloop
  endfacet
  facet normal 9.807381e-01 -1.953273e-01 0.000000e+00
    outer loop
      vertex 8.500000e+00 3.929000e+00 1.000000e+03
      vertex 8.881000e+00 5.842000e+00 0.000000e+00
      vertex 8.881000e+00 5.842000e+00 1.000000e+03
    endloop
  endfacet
  facet normal -8.358240e-01 -5.489975e-01 -0.000000e+00
    outer loop
      vertex 4.243000e+00 4.243000e+00 1.000000e+03
      vertex 4.243000e+00 4.243000e+00 0.000000e+00
      vertex 5.579000e+00 2.209000e+00 0.000000e+00
    endloop
  endfacet
  facet normal -8.358240e-01 -5.489975e-01 0.000000e+00
    outer loop
      vertex 4.243000e+00 4.243000e+00 1.000000e+03
      vertex 5.579000e+00 2.209000e+00 0.000000e+00
      vertex 5.579000e+00 2.209000e+00 1.000000e+03
    endloop
  endfacet
  facet normal 1.000000e+00 0.000000e+00 0.000000e+00
    outer loop
      vertex 8.500000e+00 -3.929000e+00 1.000000e+03
      vertex 8.500000e+00 -3.929000e+00 0.000000e+00
      vertex 8.500000e+00 3.929000e+00 0.000000e+00
    endloop
  endfacet
  facet normal 1.000000e+00 -0.000000e+00 0.000000e+00
    outer loop
      vertex 8.500000e+00 -3.929000e+00 1.000000e+03
      vertex 8.500000e+00 3.929000e+00 0.000000e+00
      vertex 8.500000e+00 3.929000e+00 1.000000e+03
    endloop
  endfacet
  facet normal -9.823191e-01 -1.872143e-01 -0.000000e+00
    outer loop
      vertex 5.579000e+00 2.209000e+00 1.000000e+03
      vertex 5.579000e+00 2.209000e+00 0.000000e+00
      vertex 6.000000e+00 -0.000000e+00 0.000000e+00
    endloop
  endfacet
  facet normal -9.823191e-01 -1.872143e-01 0.000000e+00
    outer loop
      vertex 5.579000e+00 2.209000e+00 1.000000e+03
      vertex 6.000000e+00 -0.000000e+00 0.000000e+00
      vertex 6.000000e+00 -0.000000e+00 1.000000e+03
    endloop
  endfacet
  facet normal -9.823191e-01 1.872143e-01 0.000000e+00
    outer loop
      vertex 6.000000e+00 -0.000000e+00 1.000000e+03
      vertex 6.000000e+00 -0.000000e+00 0.000000e+00
      vertex 5.579000e+00 -2.209000e+00 0.000000e+00
    endloop
  endfacet
  facet normal -9.823191e-01 1.872143e-01 0.000000e+00
    outer loop
      vertex 6.000000e+00 -0.000000e+00 1.000000e+03
      vertex 5.579000e+00 -2.209000e+00 0.000000e+00
      vertex 5.579000e+00 -2.209000e+00 1.000000e+03
    endloop
  endfacet
  facet normal -8.358240e-01 5.489975e-01 0.000000e+00
    outer loop
      vertex 5.579000e+00 -2.209000e+00 1.000000e+03
      vertex 5.579000e+00 -2.209000e+00 0.000000e+00
      vertex 4.243000e+00 -4.243000e+00 0.000000e+00
    endloop
  endfacet
  facet normal -8.358240e-01 5.489975e-01 0.000000e+00
    outer loop
      vertex 5.579000e+00 -2.209000e+00 1.000000e+03
      vertex 4.243000e+00 -4.243000e+00 0.000000e+00
      vertex 4.243000e+00 -4.243000e+00 1.000000e+03
    endloop
  endfacet
  facet normal 9.807381e-01 1.953273e-01 0.000000e+00
    outer loop
      vertex 8.881000e+00 -5.842000e+00 1.000000e+03
      vertex 8.881000e+00 -5.842000e+00 0.000000e+00
      vertex 8.500000e+00 -3.929000e+00 0.000000e+00
    endloop
  endfacet
  facet normal 9.807381e-01 1.953273e-01 0.000000e+00
    outer loop
      vertex 8.881000e+00 -5.842000e+00 1.000000e+03
      vertex 8.500000e+00 -3.929000e+00 0.000000e+00
      vertex 8.500000e+00 -3.929000e+00 1.000000e+03
    endloop
  endfacet
  facet normal 8.316557e-01 5.552917e-01 0.000000e+00
    outer loop
      vertex 9.964000e+00 -7.464000e+00 1.000000e+03
      vertex 9.964000e+00 -7.464000e+00 0.000000e+00
      vertex 8.881000e+00 -5.842000e+00 0.000000e+00
    endloop
  endfacet
  facet normal 8.316557e-01 5.552917e-01 0.000000e+00
    outer loop
      vertex 9.964000e+00 -7.464000e+00 1.000000e+03
      vertex 8.881000e+00 -5.842000e+00 0.000000e+00
      vertex 8.881000e+00 -5.842000e+00 1.000000e+03
    endloop
  endfacet
  facet normal -5.552917e-01 -8.316557e-01 -0.000000e+00
    outer loop
      vertex 5.842000e+00 -8.881000e+00 1.000000e+03
      vertex 5.842000e+00 -8.881000e+00 0.000000e+00
      vertex 7.464000e+00 -9.964000e+00 0.000000e+00
    endloop
  endfacet
  facet normal -5.552917e-01 -8.316557e-01 0.000000e+00
    outer loop
      vertex 5.842000e+00 -8.881000e+00 1.000000e+03
      vertex 7.464000e+00 -9.964000e+00 0.000000e+00
      vertex 7.464000e+00 -9.964000e+00 1.000000e+03
    endloop
  endfacet
  facet normal 7.071068e-01 7.071068e-01 0.000000e+00
    outer loop
      vertex 1.253100e+01 -1.003100e+01 1.000000e+03
      vertex 1.253100e+01 -1.003100e+01 0.000000e+00
      vertex 9.964000e+00 -7.464000e+00 0.000000e+00
    endloop
  endfacet
  facet normal 7.071068e-01 7.071068e-01 0.000000e+00
    outer loop
      vertex 1.253100e+01 -1.003100e+01 1.000000e+03
      vertex 9.964000e+00 -7.464000e+00 0.000000e+00
      vertex 9.964000e+00 -7.464000e+00 1.000000e+03
    endloop
  endfacet
  facet normal -7.071068e-01 -7.071068e-01 -0.000000e+00
    outer loop
      vertex 7.464000e+00 -9.964000e+00 1.000000e+03
      vertex 7.464000e+00 -9.964000e+00 0.000000e+00
      vertex 1.003100e+01 -1.253100e+01 0.000000e+00
    endloop
  endfacet
  facet normal -7.071068e-01 -7.071068e-01 0.000000e+00
    outer loop
      vertex 7.464000e+00 -9.964000e+00 1.000000e+03
      vertex 1.003100e+01 -1.253100e+01 0.000000e+00
      vertex 1.003100e+01 -1.253100e+01 1.000000e+03
    endloop
  endfacet
  facet normal -8.313103e-01 -5.558086e-01 -0.000000e+00
    outer loop
      vertex 1.003100e+01 -1.253100e+01 1.000000e+03
      vertex 1.003100e+01 -1.253100e+01 0.000000e+00
      vertex 1.037800e+01 -1.305000e+01 0.000000e+00
    endloop
  endfacet
  facet normal -8.313103e-01 -5.558086e-01 0.000000e+00
    outer loop
      vertex 1.003100e+01 -1.253100e+01 1.000000e+03
      vertex 1.037800e+01 -1.305000e+01 0.000000e+00
      vertex 1.037800e+01 -1.305000e+01 1.000000e+03
    endloop
  endfacet
  facet normal 5.558086e-01 8.313103e-01 0.000000e+00
    outer loop
      vertex 1.305000e+01 -1.037800e+01 1.000000e+03
      vertex 1.305000e+01 -1.037800e+01 0.000000e+00
      vertex 1.253100e+01 -1.003100e+01 0.000000e+00
    endloop
  endfacet
  facet normal 5.558086e-01 8.313103e-01 0.000000e+00
    outer loop
      vertex 1.305000e+01 -1.037800e+01 1.000000e+03
      vertex 1.253100e+01 -1.003100e+01 0.000000e+00
      vertex 1.253100e+01 -1.003100e+01 1.000000e+03
    endloop
  endfacet
  facet normal 8.362740e-01 -5.483117e-01 0.000000e+00
    outer loop
      vertex 1.267600e+01 -1.408000e+01 1.000000e+03
      vertex 1.267600e+01 -1.408000e+01 0.000000e+00
      vertex 1.323200e+01 -1.323200e+01 0.000000e+00
    endloop
  endfacet
  facet normal 8.362740e-01 -5.483117e-01 0.000000e+00
    outer loop
      vertex 1.267600e+01 -1.408000e+01 1.000000e+03
      vertex 1.323200e+01 -1.323200e+01 0.000000e+00
      vertex 1.323200e+01 -1.323200e+01 1.000000e+03
    endloop
  endfacet
endsolid maytec_profile
